INSERT INTO role (id, description, name) VALUES (1, 'Admin role', 'ROLE_ADMIN');
INSERT INTO role (id, description, name) VALUES (2, 'User role', 'ROLE_USER');

INSERT INTO user(id, username, password, id_role,rank_name,points) VALUES
 (1, 'Admin', '$2a$04$iRsccpxqihb7QvTewwyncOVpMTF/xLX4YekCDIgUi4b.BBzM4uRdi',1,'NOWY', 5);

INSERT INTO user(id, username, password,id_role) VALUES
(2, 'User', '$2a$04$gpcSxxNLO/pNfvxVDCAFqeInF9RrmQadtyMFX9Mywum22eEz7Lvqa',2);
INSERT INTO user (`id`,`username`,`password`,`banned`,`active`,`id_role`,`last_login`,`registered`,`rank_name`,`points`) VALUES (3,'Patryk','$2a$11$wXNGQZqS.QfLfnysRoI0d.E0kOzoRMZn0YMrzDA7hE8GCTMaXwqVq',0,1,2,NULL,'2019-05-28 18:04:56','EXPERT',5);
INSERT INTO user (`id`,`username`,`password`,`banned`,`active`,`id_role`,`last_login`,`registered`,`rank_name`,`points`) VALUES (4,'Robert','$2a$11$MoFfjX0tWIj7DQacbCRgkeHJcXrO3BiiDCgaZyeNWrmg/7UQoNoS2',0,1,2,NULL,'2019-05-28 18:05:04','NOWY',0);
INSERT INTO user (`id`,`username`,`password`,`banned`,`active`,`id_role`,`last_login`,`registered`,`rank_name`,`points`) VALUES (5,'Andrzej','$2a$11$J.fvDtHGZd2xthS8b.bQFeKDr5dc1zl/hO7.Z451CVvmdb3Am7WiW',0,1,2,NULL,'2019-05-28 18:05:12','EXPERT',-4);
INSERT INTO user (`id`,`username`,`password`,`banned`,`active`,`id_role`,`last_login`,`registered`,`rank_name`,`points`) VALUES (6,'Paweł','$2a$11$DiZB1Ex5AmXFu/Rb8cdJiuyJMA8cmV222OmSH4RholbpQ7ln7Zmj6',0,1,2,NULL,'2019-05-28 18:05:32','MENADZER',-1);
INSERT INTO user (`id`,`username`,`password`,`banned`,`active`,`id_role`,`last_login`,`registered`,`rank_name`,`points`) VALUES (7,'Aleksandra','$2a$11$qjLuANUiZoEktLIFYsFOs.07wilPkTxddQBaRDHTt/NHtuk9g3ogW',0,1,2,NULL,'2019-05-28 18:05:42','MENADZER',1);
INSERT INTO user (`id`,`username`,`password`,`banned`,`active`,`id_role`,`last_login`,`registered`,`rank_name`,`points`) VALUES (8,'Karolina','$2a$11$/UxEx.G25mNbkcVIq67rgOMJ7/EMz40zNsz2.k6xPC0.4.50UeKKW',0,1,2,NULL,'2019-05-28 18:05:49','TEAMLEADER',5);
INSERT INTO category(id, title, category_type,description,size) VALUES (1, 'Java', 'Programowanie',  'Forum poświęcone
językowi Java oraz wszystkim innym technologiom związanym z JVM i platformą Java.',17);
INSERT INTO category(id, title, category_type,description) VALUES (2, 'C#', 'Programowanie','Forum poświęcone językowi C# oraz ogólnie platformie .NET.');
INSERT INTO category(id, title, category_type,description) VALUES (3, 'PHP', 'Język skryptowy','Dyskusje poświęcone programowaniu w języku PHP.');
INSERT INTO category(id, title, category_type,description) VALUES (4, 'Go', 'Programowanie',' język programowania opracowany przez pracowników Google: Roberta Griesemera, Roba Pike''a oraz Kena Thompsona.');
INSERT INTO category(id, title, category_type,description) VALUES (5, 'C', 'Programowanie','Tutaj możesz dyskutować o czystym C, C++, a także o problemach w środowiskach np. C++ Builder, Visual C++.');
INSERT INTO category(id, title, category_type,description) VALUES (6, 'JavaScript', 'Język skryptowy','Forum poświęcone językowi, którego popularność stale rośnie, czyli JavaScript. Tutaj możesz pisać na temat Node.JS, ES6, frameworkach takich jak Angular.JS, Vue.JS itp.');
INSERT INTO category(id, title, category_type,description) VALUES (7, 'Python', 'Język skryptowy','Wszystkie tematy związane z językiem Python, w tym Django, Flask, Pyramid, Twisted czy Tornado.');
INSERT INTO category(id, title, category_type,description) VALUES (8, 'MySQL', 'Bazy danych','Forum poświęcone zagadnieniom związanym z serwerami baz danych MySQL');
INSERT INTO category(id, title, category_type,description) VALUES (9, 'PostgreSQL', 'Bazy danych','Forum poświęcone zagadnieniom związanym z serwerami baz danych PostgreSQL');
INSERT INTO category(id, title, category_type,description) VALUES (10, 'NoSql', 'Bazy danych','Forum poświęcone zagadnieniom związanym z serwerami baz danych NoSql');
INSERT INTO category(id, title, category_type,description) VALUES (11, 'Oracle', 'Bazy danych','Forum poświęcone zagadnieniom związanym z serwerami baz danych Oracle');
INSERT INTO category(id, title, category_type,description) VALUES (12, 'OffTop - rozmowy o wszystkim', 'forum','Miejsce na dyskusje niepasujące do pozostałych kategorii forum, niekoniecznie związane z programowaniem.');
INSERT INTO category(id, title, category_type,description) VALUES (13, 'Sprzedam/Kupię', 'forum','Tutaj możesz zamieszczać ogłoszenia kupna, sprzedaży towarów i usług oraz inne drobne ogłoszenia (w tym wolontariatu).');
INSERT INTO category(id, title, category_type,description) VALUES (14, 'Szukam/Dam pracę', 'forum','W tym dziale możesz podyskutować o poszukiwaniu pracy, rozmowach kwalifikacyjnych, zarobkach i wszystkim co jest związane z przelewaniem swych umiejętności na pieniądze.');
INSERT INTO category(id, title, category_type,description) VALUES (99, 'Śmietnik', 'forum','Zawiera tematy usunięte z forum. Tematy z tego działu są automatycznie czyszczone po 7 dniach.');

INSERT INTO topic (`id`,`title`,`author_id`,`category_id`,`topic_created_date`,`pinned`,`enabled_for_users`,
                   `displayed`) VALUES (1,'Książki',2,1,'2019-05-28 18:04:21',1,0,2);
INSERT INTO topic (`id`,`title`,`author_id`,`category_id`,`topic_created_date`,`pinned`,`enabled_for_users`,
                   `displayed`) VALUES (2,'Materiały dostępne w sieci',3,1,'2019-05-28 18:06:32',1,0,3);
INSERT INTO topic (`id`,`title`,`author_id`,`category_id`,`topic_created_date`,`pinned`,`enabled_for_users`,
                   `displayed`) VALUES (3,'Hosting dla aplikacji webowych na platformie java',3,1,'2019-05-28 18:07:01',1,0,3);
INSERT INTO topic (`id`,`title`,`author_id`,`category_id`,`topic_created_date`,`pinned`,`enabled_for_users`,
                   `displayed`) VALUES (4,'Zasady pisania tematów',3,1,'2019-05-28 18:07:20',1,0,4);
INSERT INTO topic (`id`,`title`,`author_id`,`category_id`,`topic_created_date`,`pinned`,`enabled_for_users`,`displayed`) VALUES (5,'request getParameter zwraca null',3,1,'2019-05-28 18:07:42',0,0,1);
INSERT INTO topic (`id`,`title`,`author_id`,`category_id`,`topic_created_date`,`pinned`,`enabled_for_users`,`displayed`) VALUES (6,'Wysyłanie SMS',5,1,'2019-05-28 18:08:13',0,0,0);
INSERT INTO topic (`id`,`title`,`author_id`,`category_id`,`topic_created_date`,`pinned`,`enabled_for_users`,`displayed`) VALUES (7,'Sortowanie - jakie i jak zaimplementowac',5,1,'2019-05-28 18:08:55',0,0,0);
INSERT INTO topic (`id`,`title`,`author_id`,`category_id`,`topic_created_date`,`pinned`,`enabled_for_users`,`displayed`) VALUES (8,'zapisywanie do wykresu słupowego',7,1,'2019-05-28 18:12:20',0,0,1);
INSERT INTO topic (`id`,`title`,`author_id`,`category_id`,`topic_created_date`,`pinned`,`enabled_for_users`,`displayed`) VALUES (9,'Java uruchamianie batów',7,1,'2019-05-28 18:12:46',0,0,1);
INSERT INTO topic (`id`,`title`,`author_id`,`category_id`,`topic_created_date`,`pinned`,`enabled_for_users`,`displayed`) VALUES (10,'Tablice i metody w Java 1 2 »',7,1,'2019-05-28 18:13:00',0,0,1);
INSERT INTO topic (`id`,`title`,`author_id`,`category_id`,`topic_created_date`,`pinned`,`enabled_for_users`,`displayed`) VALUES (11,'Spring boot + java 1.11',8,1,'2019-05-28 18:13:26',0,0,1);
INSERT INTO topic (`id`,`title`,`author_id`,`category_id`,`topic_created_date`,`pinned`,`enabled_for_users`,`displayed`) VALUES (12,'Gra labirynt',8,1,'2019-05-28 18:13:44',0,0,1);
INSERT INTO topic (`id`,`title`,`author_id`,`category_id`,`topic_created_date`,`pinned`,`enabled_for_users`,`displayed`) VALUES (13,'Totolotek',8,1,'2019-05-28 18:13:56',0,0,1);
INSERT INTO topic (`id`,`title`,`author_id`,`category_id`,`topic_created_date`,`pinned`,`enabled_for_users`,`displayed`) VALUES (14,'Pobieranie wartości z HashMap',8,1,'2019-05-28 18:14:11',0,0,1);
INSERT INTO topic (`id`,`title`,`author_id`,`category_id`,`topic_created_date`,`pinned`,`enabled_for_users`,`displayed`) VALUES (15,'Szybkie zadanko w javie',8,1,'2019-05-28 18:14:31',0,0,2);
INSERT INTO topic (`id`,`title`,`author_id`,`category_id`,`topic_created_date`,`pinned`,`enabled_for_users`,`displayed`) VALUES (16,'Java, lista bez powtórzeń',6,1,'2019-05-28 18:15:55',0,0,1);
INSERT INTO topic (`id`,`title`,`author_id`,`category_id`,`topic_created_date`,`pinned`,`enabled_for_users`,`displayed`) VALUES (17,'JPA Conditionally Required',6,1,'2019-05-28 18:16:10',0,0,2);

INSERT INTO vote (`id`,`likes`,`dislikes`) VALUES (1,0,1);
INSERT INTO vote (`id`,`likes`,`dislikes`) VALUES (2,1,0);
INSERT INTO vote (`id`,`likes`,`dislikes`) VALUES (3,2,0);
INSERT INTO vote (`id`,`likes`,`dislikes`) VALUES (4,1,0);
INSERT INTO vote (`id`,`likes`,`dislikes`) VALUES (5,0,0);
INSERT INTO vote (`id`,`likes`,`dislikes`) VALUES (6,0,0);
INSERT INTO vote (`id`,`likes`,`dislikes`) VALUES (7,0,0);
INSERT INTO vote (`id`,`likes`,`dislikes`) VALUES (8,0,0);
INSERT INTO vote (`id`,`likes`,`dislikes`) VALUES (9,0,0);
INSERT INTO vote (`id`,`likes`,`dislikes`) VALUES (10,0,2);
INSERT INTO vote (`id`,`likes`,`dislikes`) VALUES (11,1,0);
INSERT INTO vote (`id`,`likes`,`dislikes`) VALUES (12,0,0);
INSERT INTO vote (`id`,`likes`,`dislikes`) VALUES (13,0,1);
INSERT INTO vote (`id`,`likes`,`dislikes`) VALUES (14,1,0);
INSERT INTO vote (`id`,`likes`,`dislikes`) VALUES (15,1,0);
INSERT INTO vote (`id`,`likes`,`dislikes`) VALUES (16,1,0);
INSERT INTO vote (`id`,`likes`,`dislikes`) VALUES (17,1,0);
INSERT INTO vote (`id`,`likes`,`dislikes`) VALUES (18,1,0);
INSERT INTO vote (`id`,`likes`,`dislikes`) VALUES (19,0,1);
INSERT INTO vote (`id`,`likes`,`dislikes`) VALUES (20,2,0);
INSERT INTO vote (`id`,`likes`,`dislikes`) VALUES (21,0,2);
INSERT INTO vote (`id`,`likes`,`dislikes`) VALUES (22,1,0);
INSERT INTO vote (`id`,`likes`,`dislikes`) VALUES (23,0,1);
INSERT INTO vote (`id`,`likes`,`dislikes`) VALUES (24,0,0);
INSERT INTO vote (`id`,`likes`,`dislikes`) VALUES (25,0,0);
INSERT INTO vote (`id`,`likes`,`dislikes`) VALUES (26,0,0);
INSERT INTO vote (`id`,`likes`,`dislikes`) VALUES (27,0,0);
INSERT INTO vote (`id`,`likes`,`dislikes`) VALUES (28,1,0);
INSERT INTO vote (`id`,`likes`,`dislikes`) VALUES (29,0,1);
INSERT INTO vote (`id`,`likes`,`dislikes`) VALUES (30,0,0);
INSERT INTO vote (`id`,`likes`,`dislikes`) VALUES (31,0,1);
INSERT INTO vote (`id`,`likes`,`dislikes`) VALUES (32,0,0);
INSERT INTO vote (`id`,`likes`,`dislikes`) VALUES (33,0,0);
INSERT INTO vote (`id`,`likes`,`dislikes`) VALUES (34,0,0);
INSERT INTO vote (`id`,`likes`,`dislikes`) VALUES (35,1,0);

INSERT INTO user_vote (`user_id`,`vote_id`,`liked`,`disliked`) VALUES (5,3,1,0);
INSERT INTO user_vote (`user_id`,`vote_id`,`liked`,`disliked`) VALUES (5,10,0,1);
INSERT INTO user_vote (`user_id`,`vote_id`,`liked`,`disliked`) VALUES (8,18,1,0);
INSERT INTO user_vote (`user_id`,`vote_id`,`liked`,`disliked`) VALUES (6,4,1,0);
INSERT INTO user_vote (`user_id`,`vote_id`,`liked`,`disliked`) VALUES (6,21,0,1);
INSERT INTO user_vote (`user_id`,`vote_id`,`liked`,`disliked`) VALUES (6,10,0,1);
INSERT INTO user_vote (`user_id`,`vote_id`,`liked`,`disliked`) VALUES (6,22,1,0);
INSERT INTO user_vote (`user_id`,`vote_id`,`liked`,`disliked`) VALUES (6,3,1,0);
INSERT INTO user_vote (`user_id`,`vote_id`,`liked`,`disliked`) VALUES (6,20,1,0);
INSERT INTO user_vote (`user_id`,`vote_id`,`liked`,`disliked`) VALUES (6,19,0,1);
INSERT INTO user_vote (`user_id`,`vote_id`,`liked`,`disliked`) VALUES (3,21,0,1);
INSERT INTO user_vote (`user_id`,`vote_id`,`liked`,`disliked`) VALUES (3,20,1,0);
INSERT INTO user_vote (`user_id`,`vote_id`,`liked`,`disliked`) VALUES (3,23,0,1);
INSERT INTO user_vote (`user_id`,`vote_id`,`liked`,`disliked`) VALUES (3,16,1,0);
INSERT INTO user_vote (`user_id`,`vote_id`,`liked`,`disliked`) VALUES (3,28,1,0);
INSERT INTO user_vote (`user_id`,`vote_id`,`liked`,`disliked`) VALUES (5,15,1,0);
INSERT INTO user_vote (`user_id`,`vote_id`,`liked`,`disliked`) VALUES (5,29,0,1);
INSERT INTO user_vote (`user_id`,`vote_id`,`liked`,`disliked`) VALUES (5,14,1,0);
INSERT INTO user_vote (`user_id`,`vote_id`,`liked`,`disliked`) VALUES (5,13,0,1);
INSERT INTO user_vote (`user_id`,`vote_id`,`liked`,`disliked`) VALUES (5,31,0,1);
INSERT INTO user_vote (`user_id`,`vote_id`,`liked`,`disliked`) VALUES (5,11,1,0);
INSERT INTO user_vote (`user_id`,`vote_id`,`liked`,`disliked`) VALUES (7,2,1,0);
INSERT INTO user_vote (`user_id`,`vote_id`,`liked`,`disliked`) VALUES (7,1,0,1);
INSERT INTO user_vote (`user_id`,`vote_id`,`liked`,`disliked`) VALUES (7,17,1,0);
INSERT INTO user_vote (`user_id`,`vote_id`,`liked`,`disliked`) VALUES (7,35,1,0);

INSERT INTO post (`id`,`author_id`,`post_content`,`post_created_date`,`topic_id`,`edited`,`vote_id`,`post_topic`,`likes`) VALUES (1,2,'<span style=\"color: rgb(51, 51, 51); font-family: Arial, Verdana, Helvetica, sans-serif; font-size: 13px; background-color: rgb(250, 250, 250);\">Zanim zadasz pytanie jaka książka do Javy poszukaj w googlach</span>','2019-05-28 18:04:21',1,0,1,1,-1);
INSERT INTO post (`id`,`author_id`,`post_content`,`post_created_date`,`topic_id`,`edited`,`vote_id`,`post_topic`,`likes`) VALUES (2,3,'<h3 style=\"font-family: Arial, sans-serif; color: rgb(77, 77, 77); margin-top: 18px; margin-bottom: 9px; font-size: 19px; background-color: rgb(250, 250, 250);\">Specyfikacje API JavySE</h3><ul style=\"margin-bottom: 9px; padding-left: 24px; color: rgb(51, 51, 51); font-family: Arial, Verdana, Helvetica, sans-serif; font-size: 13px; background-color: rgb(250, 250, 250);\"><li><a href=\"http://www.oracle.com/technetwork/java/javasebusiness/downloads/java-archive-downloads-javase13-419413.html\" style=\"color: rgb(94, 120, 19);\">JavaSE 1.3</a>&nbsp;- dostępna jako archiwum.</li><li><a href=\"http://www.oracle.com/technetwork/java/javasebusiness/downloads/java-archive-downloads-javase14-419411.html\" style=\"color: rgb(94, 120, 19);\">JavaSE 1.4</a>&nbsp;- dostępna jako archiwum.</li><li><a href=\"https://docs.oracle.com/javase/1.5.0/docs/api/\" style=\"color: rgb(94, 120, 19);\">JavaSE 5</a></li><li><a href=\"https://docs.oracle.com/javase/6/docs/api/\" style=\"color: rgb(94, 120, 19);\">JavaSE 6</a></li><li><a href=\"https://docs.oracle.com/javase/7/docs/api/\" style=\"color: rgb(94, 120, 19);\">JavaSE 7</a></li><li><a href=\"https://docs.oracle.com/javase/8/docs/api/\" style=\"color: rgb(94, 120, 19);\">JavaSE 8</a></li></ul><h3 style=\"font-family: Arial, sans-serif; color: rgb(77, 77, 77); margin-top: 18px; margin-bottom: 9px; font-size: 19px; background-color: rgb(250, 250, 250);\">Tutoriale do JavySE</h3><ul style=\"margin-bottom: 9px; padding-left: 24px; color: rgb(51, 51, 51); font-family: Arial, Verdana, Helvetica, sans-serif; font-size: 13px; background-color: rgb(250, 250, 250);\"><li><a href=\"https://docs.oracle.com/javase/tutorial/\" style=\"color: rgb(94, 120, 19);\">The Java™ Tutorials</a></li></ul><h3 style=\"font-family: Arial, sans-serif; color: rgb(77, 77, 77); margin-top: 18px; margin-bottom: 9px; font-size: 19px; background-color: rgb(250, 250, 250);\">JavaFX 2</h3><ul style=\"margin-bottom: 9px; padding-left: 24px; color: rgb(51, 51, 51); font-family: Arial, Verdana, Helvetica, sans-serif; font-size: 13px; background-color: rgb(250, 250, 250);\"><li><a href=\"https://docs.oracle.com/javafx/2/api/index.html\" style=\"color: rgb(94, 120, 19);\">Dokumentacja</a></li><li><a href=\"https://docs.oracle.com/javase/8/javafx/get-started-tutorial/jfx-overview.htm\" style=\"color: rgb(94, 120, 19);\">Przewodnik</a></li></ul><h3 style=\"font-family: Arial, sans-serif; color: rgb(77, 77, 77); margin-top: 18px; margin-bottom: 9px; font-size: 19px; background-color: rgb(250, 250, 250);\">Dokumentacje JavaDoc JavyEE</h3><ul style=\"margin-bottom: 9px; padding-left: 24px; color: rgb(51, 51, 51); font-family: Arial, Verdana, Helvetica, sans-serif; font-size: 13px; background-color: rgb(250, 250, 250);\"><li><a href=\"https://docs.oracle.com/javaee/1.2.1/api/\" style=\"color: rgb(94, 120, 19);\">JavaEE 1.2</a></li><li><a href=\"https://docs.oracle.com/javaee/1.3/api/\" style=\"color: rgb(94, 120, 19);\">JavaEE 1.3</a></li><li><a href=\"https://docs.oracle.com/javaee/1.4/api/\" style=\"color: rgb(94, 120, 19);\">JavaEE 1.4</a></li><li><a href=\"https://docs.oracle.com/javaee/5/api/\" style=\"color: rgb(94, 120, 19);\">JavaEE 5</a></li><li><a href=\"https://docs.oracle.com/javaee/6/api/\" style=\"color: rgb(94, 120, 19);\">JavaEE 6</a></li><li><a href=\"https://docs.oracle.com/javaee/7/api/\" style=\"color: rgb(94, 120, 19);\">JavaEE 7</a></li></ul><h3 style=\"font-family: Arial, sans-serif; color: rgb(77, 77, 77); margin-top: 18px; margin-bottom: 9px; font-size: 19px; background-color: rgb(250, 250, 250);\">Tutoriale do JavyEE</h3><ul style=\"margin-bottom: 9px; padding-left: 24px; color: rgb(51, 51, 51); font-family: Arial, Verdana, Helvetica, sans-serif; font-size: 13px; background-color: rgb(250, 250, 250);\"><li><a href=\"https://kawaczyjava.blogspot.com/2011/08/java-ee6-programowanie-aplikacji-www.html\" style=\"color: rgb(94, 120, 19);\">Java EE6 Kurs programowania</a></li><li><a href=\"https://docs.oracle.com/javaee/1.3/tutorial/doc/\" style=\"color: rgb(94, 120, 19);\">The J2EE Tutorial for the Sun ONE Platform</a></li><li><a href=\"https://docs.oracle.com/javaee/1.4/tutorial/doc/\" style=\"color: rgb(94, 120, 19);\">The J2EE(TM) 1.4 Tutorial</a></li><li><a href=\"https://docs.oracle.com/javaee/5/tutorial/doc/\" style=\"color: rgb(94, 120, 19);\">The Java EE 5 Tutorial</a></li><li><a href=\"https://docs.oracle.com/javaee/6/tutorial/doc/\" style=\"color: rgb(94, 120, 19);\">The Java EE 6 Tutorial</a></li><li><a href=\"https://docs.oracle.com/javaee/7/tutorial/\" style=\"color: rgb(94, 120, 19);\">The Java EE 7 Tutorial</a></li></ul><h3 style=\"font-family: Arial, sans-serif; color: rgb(77, 77, 77); margin-top: 18px; margin-bottom: 9px; font-size: 19px; background-color: rgb(250, 250, 250);\">Zestaw przykładów w Javie</h3><ul style=\"margin-bottom: 9px; padding-left: 24px; color: rgb(51, 51, 51); font-family: Arial, Verdana, Helvetica, sans-serif; font-size: 13px; background-color: rgb(250, 250, 250);\"><li><a href=\"http://www.java2s.com/\" style=\"color: rgb(94, 120, 19);\">www.java2s.com</a></li><li><a href=\"https://rosettacode.org/wiki/Category:Java\" style=\"color: rgb(94, 120, 19);\">Rosetta Code - Category: Java</a></li></ul><h3 style=\"font-family: Arial, sans-serif; color: rgb(77, 77, 77); margin-top: 18px; margin-bottom: 9px; font-size: 19px; background-color: rgb(250, 250, 250);\">Kursy programowania obiektowego w Javie</h3><ul style=\"margin-bottom: 9px; padding-left: 24px; color: rgb(51, 51, 51); font-family: Arial, Verdana, Helvetica, sans-serif; font-size: 13px; background-color: rgb(250, 250, 250);\"><li><a href=\"http://wazniak.mimuw.edu.pl/index.php?title=Programowanie_obiektowe\" style=\"color: rgb(94, 120, 19);\">Programowanie obiektowe (MIMUW)</a></li><li><a href=\"http://wazniak.mimuw.edu.pl/index.php?title=Zaawansowane_projektowanie_obiektowe\" style=\"color: rgb(94, 120, 19);\">Zaawansowane projektowanie obiektowe (MIMUW)</a></li><li><a href=\"http://www.stanford.edu/class/cs108/\" style=\"color: rgb(94, 120, 19);\">CS108: Object Oriented System Design (Stanford University)</a></li></ul><h3 style=\"font-family: Arial, sans-serif; color: rgb(77, 77, 77); margin-top: 18px; margin-bottom: 9px; font-size: 19px; background-color: rgb(250, 250, 250);\">Książki o Javie</h3><p style=\"margin-right: 0px; margin-bottom: 9px; margin-left: 0px; color: rgb(51, 51, 51); font-family: Arial, Verdana, Helvetica, sans-serif; font-size: 13px; background-color: rgb(250, 250, 250);\">Poniższa lista zawiera tylko książki na licencjach otwartych.</p><ul style=\"margin-bottom: 9px; padding-left: 24px; color: rgb(51, 51, 51); font-family: Arial, Verdana, Helvetica, sans-serif; font-size: 13px; background-color: rgb(250, 250, 250);\"><li><a href=\"https://pl.wikibooks.org/wiki/Java\" style=\"color: rgb(94, 120, 19);\">WikiBooks: Java</a></li><li><a href=\"http://www.mindview.net/Books/TIJ/\" style=\"color: rgb(94, 120, 19);\">Thinking in Java 3ed</a></li><li><a href=\"https://www.oreilly.com/programming/free/introducing-java-8.csp\" style=\"color: rgb(94, 120, 19);\">Introducing Java 8</a></li></ul><h3 style=\"font-family: Arial, sans-serif; color: rgb(77, 77, 77); margin-top: 18px; margin-bottom: 9px; font-size: 19px; background-color: rgb(250, 250, 250);\">Blogi</h3><ul style=\"margin-bottom: 9px; padding-left: 24px; color: rgb(51, 51, 51); font-family: Arial, Verdana, Helvetica, sans-serif; font-size: 13px; background-color: rgb(250, 250, 250);\"><li><a href=\"https://github.com/jvm-bloggers/jvm-bloggers//\" style=\"color: rgb(94, 120, 19);\">JVMBloggers</a>&nbsp;– agregator polskich blogów programistycznych. Można dodać własnego bloga do listy.</li></ul>','2019-05-28 18:06:32',2,0,2,1,1);
INSERT INTO post (`id`,`author_id`,`post_content`,`post_created_date`,`topic_id`,`edited`,`vote_id`,`post_topic`,`likes`) VALUES (3,3,'<p style=\"margin-right: 0px; margin-bottom: 9px; margin-left: 0px; color: rgb(51, 51, 51); font-family: Arial, Verdana, Helvetica, sans-serif; font-size: 13px; background-color: rgb(250, 250, 250);\">Hostowanie aplikacji w języku Java i językach kompilowanych do Javowego bajtkodu - zasady działania:</p><p style=\"margin-right: 0px; margin-bottom: 9px; margin-left: 0px; color: rgb(51, 51, 51); font-family: Arial, Verdana, Helvetica, sans-serif; font-size: 13px; background-color: rgb(250, 250, 250);\">Zwykle (?) serwisy hostujące przyjmują od razu skompilowane aplikacje (np w plikach WAR) i nie zawierają kompilatora Javy. Jednocześnie popularne języki na platformę Java różne od języka Java, np Scala, Groovy, Clojure, etc kompilują się do bajtkodu prawie nie różniącego się od tego wygenerowanego z języka Java. Z tego względu, o ile dany język nie wymaga jakichś funkcjonalności niedostepnych na danym hostingu, to powinien działać tak dobrze jak język Java.</p><p style=\"margin-right: 0px; margin-bottom: 9px; margin-left: 0px; color: rgb(51, 51, 51); font-family: Arial, Verdana, Helvetica, sans-serif; font-size: 13px; background-color: rgb(250, 250, 250);\">Chmury obliczeniowe:</p><p style=\"margin-right: 0px; margin-bottom: 9px; margin-left: 0px; color: rgb(51, 51, 51); font-family: Arial, Verdana, Helvetica, sans-serif; font-size: 13px; background-color: rgb(250, 250, 250);\"><a href=\"https://developers.google.com/appengine/\" style=\"color: rgb(94, 120, 19);\">Google App Engine</a><br>Cechy charakterystyczne:</p><ul style=\"margin-bottom: 9px; padding-left: 24px; color: rgb(51, 51, 51); font-family: Arial, Verdana, Helvetica, sans-serif; font-size: 13px; background-color: rgb(250, 250, 250);\"><li>Pewne ograniczenia,&nbsp;<del>np brak możliwości odpalania wątków</del>,&nbsp;<a href=\"https://developers.google.com/appengine/docs/java/jrewhitelist\" style=\"color: rgb(94, 120, 19);\">biała lista możliwych do użycia klas z biblioteki standardowej</a>,&nbsp;<a href=\"https://code.google.com/p/googleappengine/wiki/WillItPlayInJava\" style=\"color: rgb(94, 120, 19);\">przegląd kompatybilności GAE/J z popularnymi językami i frameworkami</a></li><li>Niestandardowe API do większości usług</li><li>Wysoce skalowalna baza danych (oparta na BigTable)</li><li>Małe instancje JVM generujące odpowiedzi, obecnie serwujące co najwyżej kilka odpowiedzi jednocześnie - należy zmienić model aplikacji tak, aby ładowała się jak najszybciej</li><li>Można korzystać za darmo, a darmowe limity są nawet dość duże</li></ul><p style=\"margin-right: 0px; margin-bottom: 9px; margin-left: 0px; color: rgb(51, 51, 51); font-family: Arial, Verdana, Helvetica, sans-serif; font-size: 13px; background-color: rgb(250, 250, 250);\"><a href=\"https://aws.amazon.com/ec2/\" style=\"color: rgb(94, 120, 19);\">Amazon Elastic Compute Cloud</a><br>Cechy charakterystyczne:</p><ul style=\"margin-bottom: 9px; padding-left: 24px; color: rgb(51, 51, 51); font-family: Arial, Verdana, Helvetica, sans-serif; font-size: 13px; background-color: rgb(250, 250, 250);\"><li>Brak wielu ograniczeń z GAE/J</li><li>Standardowy model serwowania treści - zamiast tworzyć instancje na żądanie, instancje są mniej więcej trwałe, dzięki temu można budować aplikacje, które wolno się uruchamiają, np korzystają z Hibernate, JBoss, itp itd</li><li>Można korzystać za darmo, a darmowe limity są nawet dość duże</li></ul><p style=\"margin-right: 0px; margin-bottom: 9px; margin-left: 0px; color: rgb(51, 51, 51); font-family: Arial, Verdana, Helvetica, sans-serif; font-size: 13px; background-color: rgb(250, 250, 250);\"><a href=\"https://www.heroku.com/\" style=\"color: rgb(94, 120, 19);\">Heroku</a><br>Cechy charakterystyczne:</p><ul style=\"margin-bottom: 9px; padding-left: 24px; color: rgb(51, 51, 51); font-family: Arial, Verdana, Helvetica, sans-serif; font-size: 13px; background-color: rgb(250, 250, 250);\"><li>Wiele dostępnych języków z pełną funkcjonalnością</li><li>darmowa opcja podstawowa (1 worker baza postgres do 10k rekordów)</li><li>Duża ilość \"dodatków\"</li></ul><p style=\"margin-right: 0px; margin-bottom: 9px; margin-left: 0px; color: rgb(51, 51, 51); font-family: Arial, Verdana, Helvetica, sans-serif; font-size: 13px; background-color: rgb(250, 250, 250);\"><a href=\"https://www.windowsazure.com/en-us/develop/java/\" style=\"color: rgb(94, 120, 19);\">Microsoft Windows Azure</a><br>Cechy charakterystyczne:</p><ul style=\"margin-bottom: 9px; padding-left: 24px; color: rgb(51, 51, 51); font-family: Arial, Verdana, Helvetica, sans-serif; font-size: 13px; background-color: rgb(250, 250, 250);\"><li>Możliwość korzystania za darmo przez 3 miesiące</li></ul><p style=\"margin-right: 0px; margin-bottom: 9px; margin-left: 0px; color: rgb(51, 51, 51); font-family: Arial, Verdana, Helvetica, sans-serif; font-size: 13px; background-color: rgb(250, 250, 250);\">Hosting standardowy</p><p style=\"margin-right: 0px; margin-bottom: 9px; margin-left: 0px; color: rgb(51, 51, 51); font-family: Arial, Verdana, Helvetica, sans-serif; font-size: 13px; background-color: rgb(250, 250, 250);\"><a href=\"http://www.eatj.com/\" style=\"color: rgb(94, 120, 19);\">EATJ</a><br>Cechy charakterystyczne:</p><ul style=\"margin-bottom: 9px; padding-left: 24px; color: rgb(51, 51, 51); font-family: Arial, Verdana, Helvetica, sans-serif; font-size: 13px; background-color: rgb(250, 250, 250);\"><li>Lokalizacja: Kalifornia, USA</li><li>Można przetestować za darmo; jest trial, ale bardzo upierdliwy - Tomcat jest wyłączany co 6 godzin i trzeba się logować, by go włączyć</li></ul><p style=\"margin-right: 0px; margin-bottom: 9px; margin-left: 0px; color: rgb(51, 51, 51); font-family: Arial, Verdana, Helvetica, sans-serif; font-size: 13px; background-color: rgb(250, 250, 250);\">Lista jest kiepska i mało wyczerpująca, bo mam niewielkie doświadczenie z hostingami. Wszelkie uwagi i sugestie mile widziane.</p><p style=\"margin-right: 0px; margin-bottom: 9px; margin-left: 0px; color: rgb(51, 51, 51); font-family: Arial, Verdana, Helvetica, sans-serif; font-size: 13px; background-color: rgb(250, 250, 250);\">// EDIT by Koziołek:</p><p style=\"margin-right: 0px; margin-bottom: 9px; margin-left: 0px; color: rgb(51, 51, 51); font-family: Arial, Verdana, Helvetica, sans-serif; font-size: 13px; background-color: rgb(250, 250, 250);\"><a href=\"http://www.mochahost.com/\" style=\"color: rgb(94, 120, 19);\">MochaHost</a><br>zalety:</p><ul style=\"margin-bottom: 9px; padding-left: 24px; color: rgb(51, 51, 51); font-family: Arial, Verdana, Helvetica, sans-serif; font-size: 13px; background-color: rgb(250, 250, 250);\"><li>niskie koszty<br>Wady:</li><li>hosting nie obejmuje wsparcia dla JEE</li></ul><p style=\"margin-right: 0px; margin-bottom: 9px; margin-left: 0px; color: rgb(51, 51, 51); font-family: Arial, Verdana, Helvetica, sans-serif; font-size: 13px; background-color: rgb(250, 250, 250);\"><a href=\"https://openshift.redhat.com/app/\" style=\"color: rgb(94, 120, 19);\">OpenShift</a><br>Zalety:</p><ul style=\"margin-bottom: 9px; padding-left: 24px; color: rgb(51, 51, 51); font-family: Arial, Verdana, Helvetica, sans-serif; font-size: 13px; background-color: rgb(250, 250, 250);\"><li>wysoka jakość usług</li><li>stabilność<br>Wady:</li><li>produkcja RH czyli dostępny JBoss.</li></ul><p style=\"margin-right: 0px; margin-bottom: 9px; margin-left: 0px; color: rgb(51, 51, 51); font-family: Arial, Verdana, Helvetica, sans-serif; font-size: 13px; background-color: rgb(250, 250, 250);\"><a href=\"http://jelastic.com/\" style=\"color: rgb(94, 120, 19);\">jelastic</a></p>','2019-05-28 18:07:01',3,0,3,1,2);
INSERT INTO post (`id`,`author_id`,`post_content`,`post_created_date`,`topic_id`,`edited`,`vote_id`,`post_topic`,`likes`) VALUES (4,3,'<p style=\"margin-right: 0px; margin-bottom: 9px; margin-left: 0px; color: rgb(51, 51, 51); font-family: Arial, Verdana, Helvetica, sans-serif; font-size: 13px; background-color: rgb(250, 250, 250);\"><span style=\"font-weight: 700;\">UWAGA !!! UŻYWASZ GOOGLA TWÓJ TEMAT NIE LECI DO KOSZA. FORUMOWICZE TO NIE BIOINTERFEJS DLA WYSZUKIWARKI!!!!</span></p><p style=\"margin-right: 0px; margin-bottom: 9px; margin-left: 0px; color: rgb(51, 51, 51); font-family: Arial, Verdana, Helvetica, sans-serif; font-size: 13px; background-color: rgb(250, 250, 250);\">Oferty pracy proszę umieszczać w dziale&nbsp;<a href=\"https://4programmers.net/Praca\" style=\"color: rgb(94, 120, 19);\">Praca</a></p><p style=\"margin-right: 0px; margin-bottom: 9px; margin-left: 0px; color: rgb(51, 51, 51); font-family: Arial, Verdana, Helvetica, sans-serif; font-size: 13px; background-color: rgb(250, 250, 250);\">Jako że na forum pojawia się stosunkowo dużo nowych tematów i robi się bajzel to przedstawiam zestaw zasad:</p><ul style=\"margin-bottom: 9px; padding-left: 24px; color: rgb(51, 51, 51); font-family: Arial, Verdana, Helvetica, sans-serif; font-size: 13px; background-color: rgb(250, 250, 250);\"><li><p style=\"margin-right: 0px; margin-bottom: 9px; margin-left: 0px;\">Jak masz problem dołączaj kod. Koniecznie opis to zazwyczaj za mało.</p></li><li><p style=\"margin-right: 0px; margin-bottom: 9px; margin-left: 0px;\">Jak dołączasz kod to używaj tagów:</p><blockquote style=\"padding: 9px 18px; margin-bottom: 18px; margin-left: 0px; border-left-width: 5px; border-left-color: rgb(238, 238, 238); color: rgb(119, 119, 119);\"><p style=\"margin-right: 0px; margin-left: 0px;\">post`java<br>twój kod<br>post`</p></blockquote></li><li><p style=\"margin-right: 0px; margin-bottom: 9px; margin-left: 0px;\">W przypadku błędu dołączaj treść komunikatu (tylko rozsądnie z tego korzystać proszę. Stacktrace na 300 linii JEST ZŁY)</p></li><li><p style=\"margin-right: 0px; margin-bottom: 9px; margin-left: 0px;\">Otaguj temat. Coyote ma własny system tagów. Tagi wprowadzasz w odpowiednim polu</p></li><li><p style=\"margin-right: 0px; margin-bottom: 9px; margin-left: 0px;\">Opisując problem nie pisz na skróty. To, że ty wiesz co robi twój program nie oznacza, że inni też się tego domyślą.</p></li></ul><p style=\"margin-right: 0px; margin-bottom: 9px; margin-left: 0px; color: rgb(51, 51, 51); font-family: Arial, Verdana, Helvetica, sans-serif; font-size: 13px; background-color: rgb(250, 250, 250);\">Zestaw ten nie jest oficjalny i nie musi być przestrzegany, lecz pamiętaj że ułatwi to szybką identyfikację i rozwiązanie problemu. zapraszam do zgłaszania własnych propozycji.</p><p style=\"margin-right: 0px; margin-bottom: 9px; margin-left: 0px; color: rgb(51, 51, 51); font-family: Arial, Verdana, Helvetica, sans-serif; font-size: 13px; background-color: rgb(250, 250, 250);\">Dokumentacje do Javy:</p>','2019-05-28 18:07:20',4,0,4,1,1);
INSERT INTO post (`id`,`author_id`,`post_content`,`post_created_date`,`topic_id`,`edited`,`vote_id`,`post_topic`,`likes`) VALUES (5,3,'<p style=\"margin-right: 0px; margin-bottom: 9px; margin-left: 0px; color: rgb(51, 51, 51); font-family: Arial, Verdana, Helvetica, sans-serif; font-size: 13px; background-color: rgb(250, 250, 250);\">Witam</p><p style=\"margin-right: 0px; margin-bottom: 9px; margin-left: 0px; color: rgb(51, 51, 51); font-family: Arial, Verdana, Helvetica, sans-serif; font-size: 13px; background-color: rgb(250, 250, 250);\">mam następujący kod<br>ajax z js:<br>function myFunction(){</p><pre style=\"font-family: Menlo, Monaco, Consolas, &quot;Courier New&quot;, monospace; font-size: 12px; padding: 8.5px; margin-bottom: 9px; line-height: 1.42857; color: rgb(51, 51, 51); word-break: break-all; overflow-wrap: break-word; background-color: rgb(245, 245, 245); border: 1px solid rgb(204, 204, 204); border-radius: 3px;\"><code style=\"font-family: Menlo, Monaco, Consolas, &quot;Courier New&quot;, monospace; background-color: transparent; padding: 0px; border-radius: 0px; white-space: pre-wrap;\">       elDeleted = tab.shift(); \n       console.log(\"test:\" +   elDeleted);\n     $.ajax({\n         url: \'../test\',\n         type: \'POST\',\n         dataTuype: \'json\',\n         date: {\n             id :  tab[0]},\n             success : function(responseText) {\n                 location.reload()\n\n         }\n     })\n}</code></pre><p style=\"margin-right: 0px; margin-bottom: 9px; margin-left: 0px; color: rgb(51, 51, 51); font-family: Arial, Verdana, Helvetica, sans-serif; font-size: 13px; background-color: rgb(250, 250, 250);\">java:<br><span style=\"font-weight: 700;\">@WebServlet(\"/test\")</span><br>public class test extends HttpServlet {<br>private static final long serialVersionUID = 1L;</p><pre style=\"font-family: Menlo, Monaco, Consolas, &quot;Courier New&quot;, monospace; font-size: 12px; padding: 8.5px; margin-bottom: 9px; line-height: 1.42857; color: rgb(51, 51, 51); word-break: break-all; overflow-wrap: break-word; background-color: rgb(245, 245, 245); border: 1px solid rgb(204, 204, 204); border-radius: 3px;\"><code style=\"font-family: Menlo, Monaco, Consolas, &quot;Courier New&quot;, monospace; background-color: transparent; padding: 0px; border-radius: 0px; white-space: pre-wrap;\">/**\n * @see HttpServlet#HttpServlet()\n */\npublic test() {\n    super();\n    // TODO Auto-generated constructor stub\n}\n\nprotected void doGet(HttpServletRequest request, HttpServletResponse response) throws  ServletException, IOException {\n    // TODO Auto-generated method stub\n\n}\n\n/**\n * @see HttpServlet#doPost(HttpServletRequest request, HttpServletResponse response)\n */\nprotected void doPost(HttpServletRequest request, HttpServletResponse response) throws ServletException, IOException {\n     response.setContentType(\"txt/html\");\n      String kk = request.getParameter(\"id\");\n      PrintWriter out  = response.getWriter();\n\n      out.print(kk);\n      System.out.print( kk);\n      TypyWizyt  tp = new TypyWizyt();\n\n//  tp.Delete(id);\n\n}</code></pre><p style=\"margin-right: 0px; margin-bottom: 9px; margin-left: 0px; color: rgb(51, 51, 51); font-family: Arial, Verdana, Helvetica, sans-serif; font-size: 13px; background-color: rgb(250, 250, 250);\">}<br>i z request.getParameter(\"id\"); dostaje null. Próbowałem na różne sposoby ale już&nbsp;<span style=\"color: green;\">nie</span>&nbsp;mam pomysłu czemu tak się dzieje.<br>Proszę o pomoc w rozwiązaniu mojego problemu</p>','2019-05-28 18:07:42',5,0,5,1,0);
INSERT INTO post (`id`,`author_id`,`post_content`,`post_created_date`,`topic_id`,`edited`,`vote_id`,`post_topic`,`likes`) VALUES (6,5,'<span style=\"color: rgb(51, 51, 51); font-family: Arial, Verdana, Helvetica, sans-serif; font-size: 13px; background-color: rgb(250, 250, 250);\">Cześć! Chciałbym napisać program wysyłający smsy. Odbiorca powinien móc odpisać na mój numer tak, żeby wiadomość została dostarczona na mój telefon. W sieci jest bardzo dużo informacji ale ciężko mi rozstrzygnąć co jest wart uwagi. Zależy mi naturalnie na jak najniższych kosztach. Polecacie jakieś konkretne bramki sms albo inne sposoby?</span>','2019-05-28 18:08:13',6,0,6,1,0);
INSERT INTO post (`id`,`author_id`,`post_content`,`post_created_date`,`topic_id`,`edited`,`vote_id`,`post_topic`,`likes`) VALUES (7,5,'<p style=\"margin-right: 0px; margin-bottom: 9px; margin-left: 0px; color: rgb(51, 51, 51); font-family: Arial, Verdana, Helvetica, sans-serif; font-size: 13px; background-color: rgb(250, 250, 250);\">Czesc!</p><p style=\"margin-right: 0px; margin-bottom: 9px; margin-left: 0px; color: rgb(51, 51, 51); font-family: Arial, Verdana, Helvetica, sans-serif; font-size: 13px; background-color: rgb(250, 250, 250);\">Musze posortowac to wg kryteriow -&gt;&nbsp;<em>Następnie napisz metodę, która przyjmie jako parametr tablicę pojazdów i posortuje<br>je przyjmując jako kryteria: moc, pojemność, ilość miejsc i nazwę.</em></p><p style=\"margin-right: 0px; margin-bottom: 9px; margin-left: 0px; color: rgb(51, 51, 51); font-family: Arial, Verdana, Helvetica, sans-serif; font-size: 13px; background-color: rgb(250, 250, 250);\">a tu jest kod (wiem, ze jakosc jego boli) -&gt;</p><pre class=\" language-java line-numbers\" style=\"font-family: Consolas, Monaco, &quot;Andale Mono&quot;, &quot;Ubuntu Mono&quot;, monospace; font-size: 12px; padding: 1em 1em 1em 3.8em; margin-top: 0.5em; margin-bottom: 0.5em; line-height: 1.5; color: rgb(0, 0, 0); word-break: normal; overflow-wrap: normal; background: rgb(245, 242, 240); border: 1px solid rgb(204, 204, 204); border-radius: 3px; text-shadow: rgb(255, 255, 255) 0px 1px; tab-size: 4; hyphens: none; position: relative; counter-reset: linenumber 0;\"><code class=\" language-java\" style=\"font-family: Consolas, Monaco, &quot;Andale Mono&quot;, &quot;Ubuntu Mono&quot;, monospace; color: rgb(0, 0, 0); background: 0px 0px; padding: 0px; border-radius: 0px; white-space: inherit; text-shadow: rgb(255, 255, 255) 0px 1px; word-spacing: normal; overflow-wrap: normal; line-height: 1.5; tab-size: 4; hyphens: none; position: relative;\"><span class=\"token keyword\" style=\"color: rgb(0, 119, 170);\">import</span> java<span class=\"token punctuation\" style=\"color: rgb(153, 153, 153);\">.</span>util<span class=\"token punctuation\" style=\"color: rgb(153, 153, 153);\">.</span>Random<span class=\"token punctuation\" style=\"color: rgb(153, 153, 153);\">;</span>\n\n<span class=\"token keyword\" style=\"color: rgb(0, 119, 170);\">public</span> <span class=\"token keyword\" style=\"color: rgb(0, 119, 170);\">class</span> <span class=\"token class-name\" style=\"color: rgb(221, 74, 104);\">s18032_p02</span> <span class=\"token punctuation\" style=\"color: rgb(153, 153, 153);\">{</span>\n\n  <span class=\"token keyword\" style=\"color: rgb(0, 119, 170);\">public</span> <span class=\"token keyword\" style=\"color: rgb(0, 119, 170);\">static</span> <span class=\"token keyword\" style=\"color: rgb(0, 119, 170);\">void</span> <span class=\"token function\" style=\"color: rgb(221, 74, 104);\">main</span><span class=\"token punctuation\" style=\"color: rgb(153, 153, 153);\">(</span>String<span class=\"token punctuation\" style=\"color: rgb(153, 153, 153);\">[</span><span class=\"token punctuation\" style=\"color: rgb(153, 153, 153);\">]</span> args<span class=\"token punctuation\" style=\"color: rgb(153, 153, 153);\">)</span> <span class=\"token punctuation\" style=\"color: rgb(153, 153, 153);\">{</span>\n    PojazMechaniczny<span class=\"token punctuation\" style=\"color: rgb(153, 153, 153);\">[</span><span class=\"token punctuation\" style=\"color: rgb(153, 153, 153);\">]</span> tab <span class=\"token operator\" style=\"color: rgb(154, 110, 58); background: rgba(255, 255, 255, 0.5);\">=</span> <span class=\"token keyword\" style=\"color: rgb(0, 119, 170);\">new</span> <span class=\"token class-name\" style=\"color: rgb(221, 74, 104);\">PojazMechaniczny</span><span class=\"token punctuation\" style=\"color: rgb(153, 153, 153);\">[</span><span class=\"token number\" style=\"color: rgb(153, 0, 85);\">1000</span><span class=\"token punctuation\" style=\"color: rgb(153, 153, 153);\">]</span><span class=\"token punctuation\" style=\"color: rgb(153, 153, 153);\">;</span>\n    Random r <span class=\"token operator\" style=\"color: rgb(154, 110, 58); background: rgba(255, 255, 255, 0.5);\">=</span> <span class=\"token keyword\" style=\"color: rgb(0, 119, 170);\">new</span> <span class=\"token class-name\" style=\"color: rgb(221, 74, 104);\">Random</span><span class=\"token punctuation\" style=\"color: rgb(153, 153, 153);\">(</span><span class=\"token punctuation\" style=\"color: rgb(153, 153, 153);\">)</span><span class=\"token punctuation\" style=\"color: rgb(153, 153, 153);\">;</span>\n\n    <span class=\"token comment\" style=\"color: rgb(112, 128, 144);\">//Random::nextInt(int);</span>\n    <span class=\"token keyword\" style=\"color: rgb(0, 119, 170);\">for</span> <span class=\"token punctuation\" style=\"color: rgb(153, 153, 153);\">(</span><span class=\"token keyword\" style=\"color: rgb(0, 119, 170);\">int</span> i <span class=\"token operator\" style=\"color: rgb(154, 110, 58); background: rgba(255, 255, 255, 0.5);\">=</span> <span class=\"token number\" style=\"color: rgb(153, 0, 85);\">0</span><span class=\"token punctuation\" style=\"color: rgb(153, 153, 153);\">;</span> i <span class=\"token operator\" style=\"color: rgb(154, 110, 58); background: rgba(255, 255, 255, 0.5);\">&lt;</span> tab<span class=\"token punctuation\" style=\"color: rgb(153, 153, 153);\">.</span>length<span class=\"token punctuation\" style=\"color: rgb(153, 153, 153);\">;</span> i<span class=\"token operator\" style=\"color: rgb(154, 110, 58); background: rgba(255, 255, 255, 0.5);\">++</span><span class=\"token punctuation\" style=\"color: rgb(153, 153, 153);\">)</span> <span class=\"token punctuation\" style=\"color: rgb(153, 153, 153);\">{</span>\n      <span class=\"token keyword\" style=\"color: rgb(0, 119, 170);\">int</span> iloscMiejsc <span class=\"token operator\" style=\"color: rgb(154, 110, 58); background: rgba(255, 255, 255, 0.5);\">=</span> Math<span class=\"token punctuation\" style=\"color: rgb(153, 153, 153);\">.</span><span class=\"token function\" style=\"color: rgb(221, 74, 104);\">abs</span><span class=\"token punctuation\" style=\"color: rgb(153, 153, 153);\">(</span>r<span class=\"token punctuation\" style=\"color: rgb(153, 153, 153);\">.</span><span class=\"token function\" style=\"color: rgb(221, 74, 104);\">nextInt</span><span class=\"token punctuation\" style=\"color: rgb(153, 153, 153);\">(</span><span class=\"token punctuation\" style=\"color: rgb(153, 153, 153);\">)</span><span class=\"token punctuation\" style=\"color: rgb(153, 153, 153);\">)</span><span class=\"token punctuation\" style=\"color: rgb(153, 153, 153);\">;</span>\n      String nazwa <span class=\"token operator\" style=\"color: rgb(154, 110, 58); background: rgba(255, 255, 255, 0.5);\">=</span> <span class=\"token string\" style=\"color: rgb(102, 153, 0);\">\"pojazd \"</span> <span class=\"token operator\" style=\"color: rgb(154, 110, 58); background: rgba(255, 255, 255, 0.5);\">+</span> Math<span class=\"token punctuation\" style=\"color: rgb(153, 153, 153);\">.</span><span class=\"token function\" style=\"color: rgb(221, 74, 104);\">abs</span><span class=\"token punctuation\" style=\"color: rgb(153, 153, 153);\">(</span>r<span class=\"token punctuation\" style=\"color: rgb(153, 153, 153);\">.</span><span class=\"token function\" style=\"color: rgb(221, 74, 104);\">nextInt</span><span class=\"token punctuation\" style=\"color: rgb(153, 153, 153);\">(</span><span class=\"token punctuation\" style=\"color: rgb(153, 153, 153);\">)</span><span class=\"token punctuation\" style=\"color: rgb(153, 153, 153);\">)</span><span class=\"token punctuation\" style=\"color: rgb(153, 153, 153);\">;</span>\n      <span class=\"token keyword\" style=\"color: rgb(0, 119, 170);\">long</span> pojemnosc <span class=\"token operator\" style=\"color: rgb(154, 110, 58); background: rgba(255, 255, 255, 0.5);\">=</span> Math<span class=\"token punctuation\" style=\"color: rgb(153, 153, 153);\">.</span><span class=\"token function\" style=\"color: rgb(221, 74, 104);\">abs</span><span class=\"token punctuation\" style=\"color: rgb(153, 153, 153);\">(</span>r<span class=\"token punctuation\" style=\"color: rgb(153, 153, 153);\">.</span><span class=\"token function\" style=\"color: rgb(221, 74, 104);\">nextLong</span><span class=\"token punctuation\" style=\"color: rgb(153, 153, 153);\">(</span><span class=\"token punctuation\" style=\"color: rgb(153, 153, 153);\">)</span><span class=\"token punctuation\" style=\"color: rgb(153, 153, 153);\">)</span><span class=\"token punctuation\" style=\"color: rgb(153, 153, 153);\">;</span>\n      <span class=\"token keyword\" style=\"color: rgb(0, 119, 170);\">int</span> moc <span class=\"token operator\" style=\"color: rgb(154, 110, 58); background: rgba(255, 255, 255, 0.5);\">=</span> Math<span class=\"token punctuation\" style=\"color: rgb(153, 153, 153);\">.</span><span class=\"token function\" style=\"color: rgb(221, 74, 104);\">abs</span><span class=\"token punctuation\" style=\"color: rgb(153, 153, 153);\">(</span>r<span class=\"token punctuation\" style=\"color: rgb(153, 153, 153);\">.</span><span class=\"token function\" style=\"color: rgb(221, 74, 104);\">nextInt</span><span class=\"token punctuation\" style=\"color: rgb(153, 153, 153);\">(</span><span class=\"token punctuation\" style=\"color: rgb(153, 153, 153);\">)</span><span class=\"token punctuation\" style=\"color: rgb(153, 153, 153);\">)</span><span class=\"token punctuation\" style=\"color: rgb(153, 153, 153);\">;</span>\n\n      <span class=\"token keyword\" style=\"color: rgb(0, 119, 170);\">int</span> positive <span class=\"token operator\" style=\"color: rgb(154, 110, 58); background: rgba(255, 255, 255, 0.5);\">=</span> Math<span class=\"token punctuation\" style=\"color: rgb(153, 153, 153);\">.</span><span class=\"token function\" style=\"color: rgb(221, 74, 104);\">abs</span><span class=\"token punctuation\" style=\"color: rgb(153, 153, 153);\">(</span>i<span class=\"token punctuation\" style=\"color: rgb(153, 153, 153);\">)</span><span class=\"token punctuation\" style=\"color: rgb(153, 153, 153);\">;</span>\n      Silnik silnik <span class=\"token operator\" style=\"color: rgb(154, 110, 58); background: rgba(255, 255, 255, 0.5);\">=</span> <span class=\"token keyword\" style=\"color: rgb(0, 119, 170);\">new</span> <span class=\"token class-name\" style=\"color: rgb(221, 74, 104);\">Silnik</span><span class=\"token punctuation\" style=\"color: rgb(153, 153, 153);\">(</span>moc<span class=\"token punctuation\" style=\"color: rgb(153, 153, 153);\">,</span> pojemnosc<span class=\"token punctuation\" style=\"color: rgb(153, 153, 153);\">)</span><span class=\"token punctuation\" style=\"color: rgb(153, 153, 153);\">;</span>\n      tab<span class=\"token punctuation\" style=\"color: rgb(153, 153, 153);\">[</span>i<span class=\"token punctuation\" style=\"color: rgb(153, 153, 153);\">]</span> <span class=\"token operator\" style=\"color: rgb(154, 110, 58); background: rgba(255, 255, 255, 0.5);\">=</span> <span class=\"token keyword\" style=\"color: rgb(0, 119, 170);\">new</span> <span class=\"token class-name\" style=\"color: rgb(221, 74, 104);\">PojazMechaniczny</span><span class=\"token punctuation\" style=\"color: rgb(153, 153, 153);\">(</span>iloscMiejsc<span class=\"token punctuation\" style=\"color: rgb(153, 153, 153);\">,</span> nazwa<span class=\"token punctuation\" style=\"color: rgb(153, 153, 153);\">,</span> silnik<span class=\"token punctuation\" style=\"color: rgb(153, 153, 153);\">)</span><span class=\"token punctuation\" style=\"color: rgb(153, 153, 153);\">;</span>\n    <span class=\"token punctuation\" style=\"color: rgb(153, 153, 153);\">}</span>\n  <span class=\"token punctuation\" style=\"color: rgb(153, 153, 153);\">}</span>\n\n<span class=\"token comment\" style=\"color: rgb(112, 128, 144);\">//================================================</span>\n<span class=\"token keyword\" style=\"color: rgb(0, 119, 170);\">static</span> <span class=\"token keyword\" style=\"color: rgb(0, 119, 170);\">class</span> <span class=\"token class-name\" style=\"color: rgb(221, 74, 104);\">Silnik</span> <span class=\"token punctuation\" style=\"color: rgb(153, 153, 153);\">{</span>\n  <span class=\"token keyword\" style=\"color: rgb(0, 119, 170);\">int</span> moc<span class=\"token punctuation\" style=\"color: rgb(153, 153, 153);\">;</span>\n  <span class=\"token keyword\" style=\"color: rgb(0, 119, 170);\">long</span> pojemność<span class=\"token punctuation\" style=\"color: rgb(153, 153, 153);\">;</span>\n\n  <span class=\"token keyword\" style=\"color: rgb(0, 119, 170);\">public</span> <span class=\"token function\" style=\"color: rgb(221, 74, 104);\">Silnik</span><span class=\"token punctuation\" style=\"color: rgb(153, 153, 153);\">(</span><span class=\"token keyword\" style=\"color: rgb(0, 119, 170);\">int</span> moc<span class=\"token punctuation\" style=\"color: rgb(153, 153, 153);\">,</span> <span class=\"token keyword\" style=\"color: rgb(0, 119, 170);\">long</span> pojemność<span class=\"token punctuation\" style=\"color: rgb(153, 153, 153);\">)</span> <span class=\"token punctuation\" style=\"color: rgb(153, 153, 153);\">{</span>\n    <span class=\"token keyword\" style=\"color: rgb(0, 119, 170);\">this</span><span class=\"token punctuation\" style=\"color: rgb(153, 153, 153);\">.</span>moc <span class=\"token operator\" style=\"color: rgb(154, 110, 58); background: rgba(255, 255, 255, 0.5);\">=</span> moc<span class=\"token punctuation\" style=\"color: rgb(153, 153, 153);\">;</span>\n    <span class=\"token keyword\" style=\"color: rgb(0, 119, 170);\">this</span><span class=\"token punctuation\" style=\"color: rgb(153, 153, 153);\">.</span>pojemność <span class=\"token operator\" style=\"color: rgb(154, 110, 58); background: rgba(255, 255, 255, 0.5);\">=</span> pojemność<span class=\"token punctuation\" style=\"color: rgb(153, 153, 153);\">;</span>\n  <span class=\"token punctuation\" style=\"color: rgb(153, 153, 153);\">}</span>\n\n  <span class=\"token keyword\" style=\"color: rgb(0, 119, 170);\">public</span> String <span class=\"token function\" style=\"color: rgb(221, 74, 104);\">toString</span><span class=\"token punctuation\" style=\"color: rgb(153, 153, 153);\">(</span><span class=\"token punctuation\" style=\"color: rgb(153, 153, 153);\">)</span> <span class=\"token punctuation\" style=\"color: rgb(153, 153, 153);\">{</span>\n    <span class=\"token keyword\" style=\"color: rgb(0, 119, 170);\">return</span> moc <span class=\"token operator\" style=\"color: rgb(154, 110, 58); background: rgba(255, 255, 255, 0.5);\">+</span>  <span class=\"token string\" style=\"color: rgb(102, 153, 0);\">\" KM\"</span> <span class=\"token operator\" style=\"color: rgb(154, 110, 58); background: rgba(255, 255, 255, 0.5);\">+</span>  <span class=\"token string\" style=\"color: rgb(102, 153, 0);\">\" | \"</span> <span class=\"token operator\" style=\"color: rgb(154, 110, 58); background: rgba(255, 255, 255, 0.5);\">+</span> pojemność <span class=\"token operator\" style=\"color: rgb(154, 110, 58); background: rgba(255, 255, 255, 0.5);\">+</span> <span class=\"token string\" style=\"color: rgb(102, 153, 0);\">\" cm3\"</span> <span class=\"token operator\" style=\"color: rgb(154, 110, 58); background: rgba(255, 255, 255, 0.5);\">+</span> <span class=\"token string\" style=\"color: rgb(102, 153, 0);\">\" | \"</span> <span class=\"token punctuation\" style=\"color: rgb(153, 153, 153);\">;</span>\n  <span class=\"token punctuation\" style=\"color: rgb(153, 153, 153);\">}</span>\n<span class=\"token punctuation\" style=\"color: rgb(153, 153, 153);\">}</span>\n\n<span class=\"token comment\" style=\"color: rgb(112, 128, 144);\">//================================================</span>\n<span class=\"token keyword\" style=\"color: rgb(0, 119, 170);\">static</span> <span class=\"token keyword\" style=\"color: rgb(0, 119, 170);\">class</span> <span class=\"token class-name\" style=\"color: rgb(221, 74, 104);\">PojazMechaniczny</span>  <span class=\"token punctuation\" style=\"color: rgb(153, 153, 153);\">{</span>\n\n  <span class=\"token keyword\" style=\"color: rgb(0, 119, 170);\">int</span> iloscMiejsc<span class=\"token punctuation\" style=\"color: rgb(153, 153, 153);\">;</span>\n  String nazwa<span class=\"token punctuation\" style=\"color: rgb(153, 153, 153);\">;</span>\n  Silnik silnik<span class=\"token punctuation\" style=\"color: rgb(153, 153, 153);\">;</span>\n\n  <span class=\"token keyword\" style=\"color: rgb(0, 119, 170);\">public</span> <span class=\"token function\" style=\"color: rgb(221, 74, 104);\">PojazMechaniczny</span><span class=\"token punctuation\" style=\"color: rgb(153, 153, 153);\">(</span><span class=\"token keyword\" style=\"color: rgb(0, 119, 170);\">int</span> iloscMiejsc<span class=\"token punctuation\" style=\"color: rgb(153, 153, 153);\">,</span> String nazwa<span class=\"token punctuation\" style=\"color: rgb(153, 153, 153);\">,</span> Silnik silnik<span class=\"token punctuation\" style=\"color: rgb(153, 153, 153);\">)</span> <span class=\"token punctuation\" style=\"color: rgb(153, 153, 153);\">{</span>\n    <span class=\"token keyword\" style=\"color: rgb(0, 119, 170);\">this</span><span class=\"token punctuation\" style=\"color: rgb(153, 153, 153);\">.</span>iloscMiejsc <span class=\"token operator\" style=\"color: rgb(154, 110, 58); background: rgba(255, 255, 255, 0.5);\">=</span> iloscMiejsc<span class=\"token punctuation\" style=\"color: rgb(153, 153, 153);\">;</span>\n    <span class=\"token keyword\" style=\"color: rgb(0, 119, 170);\">this</span><span class=\"token punctuation\" style=\"color: rgb(153, 153, 153);\">.</span>nazwa <span class=\"token operator\" style=\"color: rgb(154, 110, 58); background: rgba(255, 255, 255, 0.5);\">=</span> nazwa<span class=\"token punctuation\" style=\"color: rgb(153, 153, 153);\">;</span>\n    <span class=\"token keyword\" style=\"color: rgb(0, 119, 170);\">this</span><span class=\"token punctuation\" style=\"color: rgb(153, 153, 153);\">.</span>silnik <span class=\"token operator\" style=\"color: rgb(154, 110, 58); background: rgba(255, 255, 255, 0.5);\">=</span> silnik<span class=\"token punctuation\" style=\"color: rgb(153, 153, 153);\">;</span>\n  <span class=\"token punctuation\" style=\"color: rgb(153, 153, 153);\">}</span>\n  <span class=\"token keyword\" style=\"color: rgb(0, 119, 170);\">public</span> String <span class=\"token function\" style=\"color: rgb(221, 74, 104);\">toString</span><span class=\"token punctuation\" style=\"color: rgb(153, 153, 153);\">(</span><span class=\"token punctuation\" style=\"color: rgb(153, 153, 153);\">)</span> <span class=\"token punctuation\" style=\"color: rgb(153, 153, 153);\">{</span>\n    <span class=\"token keyword\" style=\"color: rgb(0, 119, 170);\">return</span> iloscMiejsc <span class=\"token operator\" style=\"color: rgb(154, 110, 58); background: rgba(255, 255, 255, 0.5);\">+</span>  <span class=\"token string\" style=\"color: rgb(102, 153, 0);\">\" | \"</span>  <span class=\"token operator\" style=\"color: rgb(154, 110, 58); background: rgba(255, 255, 255, 0.5);\">+</span> nazwa <span class=\"token operator\" style=\"color: rgb(154, 110, 58); background: rgba(255, 255, 255, 0.5);\">+</span> <span class=\"token string\" style=\"color: rgb(102, 153, 0);\">\" | \"</span> <span class=\"token operator\" style=\"color: rgb(154, 110, 58); background: rgba(255, 255, 255, 0.5);\">+</span> silnik<span class=\"token punctuation\" style=\"color: rgb(153, 153, 153);\">;</span>\n  <span class=\"token punctuation\" style=\"color: rgb(153, 153, 153);\">}</span>\n<span class=\"token punctuation\" style=\"color: rgb(153, 153, 153);\">}</span><span aria-hidden=\"true\" class=\"line-numbers-rows\" style=\"position: absolute; pointer-events: none; top: 0px; left: -3.8em; width: 3em; letter-spacing: -1px; border-right: 1px solid rgb(153, 153, 153); user-select: none;\"><span style=\"pointer-events: none; display: block; counter-increment: linenumber 1;\"></span><span style=\"pointer-events: none; display: block; counter-increment: linenumber 1;\"></span><span style=\"pointer-events: none; display: block; counter-increment: linenumber 1;\"></span><span style=\"pointer-events: none; display: block; counter-increment: linenumber 1;\"></span><span style=\"pointer-events: none; display: block; counter-increment: linenumber 1;\"></span><span style=\"pointer-events: none; display: block; counter-increment: linenumber 1;\"></span><span style=\"pointer-events: none; display: block; counter-increment: linenumber 1;\"></span><span style=\"pointer-events: none; display: block; counter-increment: linenumber 1;\"></span><span style=\"pointer-events: none; display: block; counter-increment: linenumber 1;\"></span><span style=\"pointer-events: none; display: block; counter-increment: linenumber 1;\"></span><span style=\"pointer-events: none; display: block; counter-increment: linenumber 1;\"></span><span style=\"pointer-events: none; display: block; counter-increment: linenumber 1;\"></span><span style=\"pointer-events: none; display: block; counter-increment: linenumber 1;\"></span><span style=\"pointer-events: none; display: block; counter-increment: linenumber 1;\"></span><span style=\"pointer-events: none; display: block; counter-increment: linenumber 1;\"></span><span style=\"pointer-events: none; display: block; counter-increment: linenumber 1;\"></span><span style=\"pointer-events: none; display: block; counter-increment: linenumber 1;\"></span><span style=\"pointer-events: none; display: block; counter-increment: linenumber 1;\"></span><span style=\"pointer-events: none; display: block; counter-increment: linenumber 1;\"></span><span style=\"pointer-events: none; display: block; counter-increment: linenumber 1;\"></span><span style=\"pointer-events: none; display: block; counter-increment: linenumber 1;\"></span><span style=\"pointer-events: none; display: block; counter-increment: linenumber 1;\"></span><span style=\"pointer-events: none; display: block; counter-increment: linenumber 1;\"></span><span style=\"pointer-events: none; display: block; counter-increment: linenumber 1;\"></span><span style=\"pointer-events: none; display: block; counter-increment: linenumber 1;\"></span><span style=\"pointer-events: none; display: block; counter-increment: linenumber 1;\"></span><span style=\"pointer-events: none; display: block; counter-increment: linenumber 1;\"></span><span style=\"pointer-events: none; display: block; counter-increment: linenumber 1;\"></span><span style=\"pointer-events: none; display: block; counter-increment: linenumber 1;\"></span><span style=\"pointer-events: none; display: block; counter-increment: linenumber 1;\"></span><span style=\"pointer-events: none; display: block; counter-increment: linenumber 1;\"></span><span style=\"pointer-events: none; display: block; counter-increment: linenumber 1;\"></span><span style=\"pointer-events: none; display: block; counter-increment: linenumber 1;\"></span><span style=\"pointer-events: none; display: block; counter-increment: linenumber 1;\"></span><span style=\"pointer-events: none; display: block; counter-increment: linenumber 1;\"></span><span style=\"pointer-events: none; display: block; counter-increment: linenumber 1;\"></span><span style=\"pointer-events: none; display: block; counter-increment: linenumber 1;\"></span><span style=\"pointer-events: none; display: block; counter-increment: linenumber 1;\"></span><span style=\"pointer-events: none; display: block; counter-increment: linenumber 1;\"></span><span style=\"pointer-events: none; display: block; counter-increment: linenumber 1;\"></span><span style=\"pointer-events: none; display: block; counter-increment: linenumber 1;\"></span><span style=\"pointer-events: none; display: block; counter-increment: linenumber 1;\"></span><span style=\"pointer-events: none; display: block; counter-increment: linenumber 1;\"></span><span style=\"pointer-events: none; display: block; counter-increment: linenumber 1;\"></span><span style=\"pointer-events: none; display: block; counter-increment: linenumber 1;\"></span><span style=\"pointer-events: none; display: block; counter-increment: linenumber 1;\"></span><span style=\"pointer-events: none; display: block; counter-increment: linenumber 1;\"></span><span style=\"pointer-events: none; display: block; counter-increment: linenumber 1;\"></span><span style=\"pointer-events: none; display: block; counter-increment: linenumber 1;\"></span><span style=\"pointer-events: none; display: block; counter-increment: linenumber 1;\"></span><span style=\"pointer-events: none; display: block; counter-increment: linenumber 1;\"></span><span style=\"pointer-events: none; display: block; counter-increment: linenumber 1;\"></span></span></code></pre><p style=\"margin-right: 0px; margin-bottom: 9px; margin-left: 0px; color: rgb(51, 51, 51); font-family: Arial, Verdana, Helvetica, sans-serif; font-size: 13px; background-color: rgb(250, 250, 250);\">Czy ktos bylby w stanie mi wytlumaczyc jak to zrobic?</p>','2019-05-28 18:08:55',7,0,7,1,0);
INSERT INTO post (`id`,`author_id`,`post_content`,`post_created_date`,`topic_id`,`edited`,`vote_id`,`post_topic`,`likes`) VALUES (8,5,'<div class=\"post-content\" data-post-id=\"1047683\" style=\"min-height: 89px; overflow-wrap: break-word; line-height: 18.07px; overflow: hidden; padding-right: 50px; color: rgb(51, 51, 51); font-family: Arial, Verdana, Helvetica, sans-serif; font-size: 13px; background-color: rgb(250, 250, 250);\"><p style=\"margin-right: 0px; margin-bottom: 9px; margin-left: 0px;\">Ale moim zdaniem większość z tamtych książek jest już niezbyt aktualna. Znam lepsze... Jeżeli chodzi o podstawy.</p><div><br></div></div><div class=\"clearfix\" style=\"color: rgb(51, 51, 51); font-family: Arial, Verdana, Helvetica, sans-serif; font-size: 13px; background-color: rgb(250, 250, 250);\"></div><div class=\"comments\" style=\"margin: 15px 0px 5px 25px; font-family: Tahoma, sans-serif; font-size: 11px; padding-right: 50px; color: rgb(51, 51, 51); background-color: rgb(250, 250, 250);\"></div>','2019-05-28 18:09:27',1,0,8,0,0);
INSERT INTO post (`id`,`author_id`,`post_content`,`post_created_date`,`topic_id`,`edited`,`vote_id`,`post_topic`,`likes`) VALUES (9,5,'<a href=\"http://www.learn-with-video-tutorials.com/jsf-tutorial-video\" style=\"background-color: rgb(250, 250, 250); color: rgb(94, 120, 19); font-family: Arial, Verdana, Helvetica, sans-serif; font-size: 13px;\">http://www.learn-with-video-tutorials.com/jsf-tutorial-video</a><span style=\"color: rgb(51, 51, 51); font-family: Arial, Verdana, Helvetica, sans-serif; font-size: 13px; background-color: rgb(250, 250, 250);\">&nbsp;dobry tutorial o JSF</span>','2019-05-28 18:09:55',2,0,9,0,0);
INSERT INTO post (`id`,`author_id`,`post_content`,`post_created_date`,`topic_id`,`edited`,`vote_id`,`post_topic`,`likes`) VALUES (10,5,'Dobre, przyda się!','2019-05-28 18:11:18',3,0,10,0,-2);
INSERT INTO post (`id`,`author_id`,`post_content`,`post_created_date`,`topic_id`,`edited`,`vote_id`,`post_topic`,`likes`) VALUES (11,7,'<p style=\"margin-right: 0px; margin-bottom: 9px; margin-left: 0px; color: rgb(51, 51, 51); font-family: Arial, Verdana, Helvetica, sans-serif; font-size: 13px; background-color: rgb(250, 250, 250);\">Witam,</p><p style=\"margin-right: 0px; margin-bottom: 9px; margin-left: 0px; color: rgb(51, 51, 51); font-family: Arial, Verdana, Helvetica, sans-serif; font-size: 13px; background-color: rgb(250, 250, 250);\">jestem trochę świeży w javie więc proszę Was o pomoc.<br>Mam taki problem mam 3 rzeczy - połączenie do bazy przez sterowniki DB2 , zapytanie sql które wyciąga dane ale potrzebuje te dane zamienić na wykres słupowy i nie moge sobie z tym poradzić.<br>Dane do logowania są poprawne tylko je usunąłem.</p><p style=\"margin-right: 0px; margin-bottom: 9px; margin-left: 0px; color: rgb(51, 51, 51); font-family: Arial, Verdana, Helvetica, sans-serif; font-size: 13px; background-color: rgb(250, 250, 250);\">package wykres2;</p><p style=\"margin-right: 0px; margin-bottom: 9px; margin-left: 0px; color: rgb(51, 51, 51); font-family: Arial, Verdana, Helvetica, sans-serif; font-size: 13px; background-color: rgb(250, 250, 250);\">import java.sql.Connection;<br>import java.sql.DriverManager;<br>import java.sql.SQLException;<br>import java.sql.Statement;<br>import java.time.LocalDateTime;</p><p style=\"margin-right: 0px; margin-bottom: 9px; margin-left: 0px; color: rgb(51, 51, 51); font-family: Arial, Verdana, Helvetica, sans-serif; font-size: 13px; background-color: rgb(250, 250, 250);\">public class DB2 {</p><pre style=\"font-family: Menlo, Monaco, Consolas, &quot;Courier New&quot;, monospace; font-size: 12px; padding: 8.5px; margin-bottom: 9px; line-height: 1.42857; color: rgb(51, 51, 51); word-break: break-all; overflow-wrap: break-word; background-color: rgb(245, 245, 245); border: 1px solid rgb(204, 204, 204); border-radius: 3px;\"><code style=\"font-family: Menlo, Monaco, Consolas, &quot;Courier New&quot;, monospace; background-color: transparent; padding: 0px; border-radius: 0px; white-space: pre-wrap;\">public static Connection connectionDB2;\n\npublic DB2() {\n    if (connectionDB2 == null) {\n        connect();\n    } else {\n        System.out.println(LocalDateTime.now() + \" : \" + \"Already connected to DB2 database\");\n    }\n}\n\n// connect database Tomcat\n\n// connect database\npublic void connect() {\n    final String DATABASE_DRIVER = \"com.ibm.db2.jcc.DB2Driver\";\n    //final String DB2SERVER = \"\";\n    final String DB2SERVER = \"\";\n    final String URL = \"jdbc:db2://\" + DB2SERVER + \"/NDT\";\n    final String USERID = \"\";\n    final String PASSWORD = \"\";\n\n    try {\n        // Load the Connector/J driver\n        Class.forName(DATABASE_DRIVER);\n        // Establish connection to DB2\n        connectionDB2 = DriverManager.getConnection(URL, USERID, PASSWORD);\n        System.out.println(LocalDateTime.now() + \" : \" + \"Connected to local DB2 database\");\n\n    } catch (ClassNotFoundException | SQLException e) {\n\n        System.out.println(\"Connected to local DB2 database failed\");\n        e.printStackTrace();\n    }\n}\n\n// disconnect database\npublic static void disconnect() {\n    if (connectionDB2 != null) {\n        try {\n            connectionDB2.close();\n            connectionDB2 = null;\n            System.out.println(LocalDateTime.now() + \" : \" + \"Connection to DB2 closed\");\n\n        } catch (SQLException e) {\n            e.printStackTrace();\n        }\n    }\n}\n\npublic void deleteTable(String table) {\n\n    String queryDel = \" delete \" + table;\n    Statement stmt = null;\n\n    try {\n        System.out.println(LocalDateTime.now() + \" : \" + \"Deleting table \" + table + \" in given NDT database\");\n        connectionDB2.setAutoCommit(true);\n        stmt = connectionDB2.createStatement();\n        stmt.executeUpdate(queryDel);\n\n    } catch (Exception e) {\n        e.printStackTrace();\n        System.err.println(\"Error by deleting \" + table + \" table in NDT database\");\n    } finally {\n        if (stmt != null) {\n            try {\n                stmt.close();\n            } catch (SQLException e) {\n                e.printStackTrace();\n            }\n        }\n\n    }\n}</code></pre><p style=\"margin-right: 0px; margin-bottom: 9px; margin-left: 0px; color: rgb(51, 51, 51); font-family: Arial, Verdana, Helvetica, sans-serif; font-size: 13px; background-color: rgb(250, 250, 250);\">}</p><p style=\"margin-right: 0px; margin-bottom: 9px; margin-left: 0px; color: rgb(51, 51, 51); font-family: Arial, Verdana, Helvetica, sans-serif; font-size: 13px; background-color: rgb(250, 250, 250);\">drugi...</p><p style=\"margin-right: 0px; margin-bottom: 9px; margin-left: 0px; color: rgb(51, 51, 51); font-family: Arial, Verdana, Helvetica, sans-serif; font-size: 13px; background-color: rgb(250, 250, 250);\">package wykres2;</p><p style=\"margin-right: 0px; margin-bottom: 9px; margin-left: 0px; color: rgb(51, 51, 51); font-family: Arial, Verdana, Helvetica, sans-serif; font-size: 13px; background-color: rgb(250, 250, 250);\">import java.sql.ResultSet;<br>import java.sql.SQLException;<br>import java.sql.Statement;</p><p style=\"margin-right: 0px; margin-bottom: 9px; margin-left: 0px; color: rgb(51, 51, 51); font-family: Arial, Verdana, Helvetica, sans-serif; font-size: 13px; background-color: rgb(250, 250, 250);\">public class XMLDOCSDao extends DB2 {</p><pre style=\"font-family: Menlo, Monaco, Consolas, &quot;Courier New&quot;, monospace; font-size: 12px; padding: 8.5px; margin-bottom: 9px; line-height: 1.42857; color: rgb(51, 51, 51); word-break: break-all; overflow-wrap: break-word; background-color: rgb(245, 245, 245); border: 1px solid rgb(204, 204, 204); border-radius: 3px;\"><code style=\"font-family: Menlo, Monaco, Consolas, &quot;Courier New&quot;, monospace; background-color: transparent; padding: 0px; border-radius: 0px; white-space: pre-wrap;\">public void selectData(int since) {\n\n    String selectQuery = (\"SELECT TRKONZ, TRFIRM, TRZUNR, TRKENN, TRFKEY, TRDTA, TRTIA, TRVSTS, TRDTV, TRTIV, PCQTY, PSQTY, FSTAPN, LSTAPN\"\n            + \" FROM XMLDOCS where TRDTA&gt; \"+ since +\" order by trdta, trtia\");\n\n    Statement stmt= null;\n    try {\n        stmt = connectionDB2.createStatement();\n        ResultSet rs = stmt.executeQuery(selectQuery);\n\n        System.out.println(\"data \\t\\t time \\t\\t qty\");\n\n        while(rs.next()) {\n\n            int data = rs.getInt(\"TRDTA\");\n            int czas = rs.getInt(\"TRTIA\");\n            int pcs = rs.getInt(\"PCQTY\");\n\n            System.out.print(data + \"\\t\");\n            System.out.print(czas + \"\\t\");\n            System.out.println(\"\\t\" + pcs );\n        }   \n\n    } catch (SQLException e) {\n        e.printStackTrace();\n    } finally {\n\n        try {\n            stmt.close();\n        } catch (SQLException e) {\n            e.printStackTrace();\n        }\n        disconnect();\n\n    }\n\n//  int data; // trdta;\n//  int czas; // trtia;\n//  int ilosc; // psqty;\n\n}</code></pre><p style=\"margin-right: 0px; margin-bottom: 9px; margin-left: 0px; color: rgb(51, 51, 51); font-family: Arial, Verdana, Helvetica, sans-serif; font-size: 13px; background-color: rgb(250, 250, 250);\">}</p><p style=\"margin-right: 0px; margin-bottom: 9px; margin-left: 0px; color: rgb(51, 51, 51); font-family: Arial, Verdana, Helvetica, sans-serif; font-size: 13px; background-color: rgb(250, 250, 250);\">i trzeci</p><p style=\"margin-right: 0px; margin-bottom: 9px; margin-left: 0px; color: rgb(51, 51, 51); font-family: Arial, Verdana, Helvetica, sans-serif; font-size: 13px; background-color: rgb(250, 250, 250);\">package wykres2;<br>public class ShowData1 {</p><pre style=\"font-family: Menlo, Monaco, Consolas, &quot;Courier New&quot;, monospace; font-size: 12px; padding: 8.5px; margin-bottom: 9px; line-height: 1.42857; color: rgb(51, 51, 51); word-break: break-all; overflow-wrap: break-word; background-color: rgb(245, 245, 245); border: 1px solid rgb(204, 204, 204); border-radius: 3px;\"><code style=\"font-family: Menlo, Monaco, Consolas, &quot;Courier New&quot;, monospace; background-color: transparent; padding: 0px; border-radius: 0px; white-space: pre-wrap;\">public static void main(String[] args) {\n\n    XMLDOCSDao xmldocsdao = new XMLDOCSDao();\n\n    xmldocsdao.selectData(20190501);\n\n}</code></pre><p style=\"margin-right: 0px; margin-bottom: 9px; margin-left: 0px; color: rgb(51, 51, 51); font-family: Arial, Verdana, Helvetica, sans-serif; font-size: 13px; background-color: rgb(250, 250, 250);\">}</p><p style=\"margin-right: 0px; margin-bottom: 9px; margin-left: 0px; color: rgb(51, 51, 51); font-family: Arial, Verdana, Helvetica, sans-serif; font-size: 13px; background-color: rgb(250, 250, 250);\">proszę o podpowiedź jak się za to zabrać.</p>','2019-05-28 18:12:20',8,0,11,1,1);
INSERT INTO post (`id`,`author_id`,`post_content`,`post_created_date`,`topic_id`,`edited`,`vote_id`,`post_topic`,`likes`) VALUES (12,7,'<p style=\"margin-right: 0px; margin-bottom: 9px; margin-left: 0px; color: rgb(51, 51, 51); font-family: Arial, Verdana, Helvetica, sans-serif; font-size: 13px; background-color: rgb(250, 250, 250);\">Witajcie,</p><p style=\"margin-right: 0px; margin-bottom: 9px; margin-left: 0px; color: rgb(51, 51, 51); font-family: Arial, Verdana, Helvetica, sans-serif; font-size: 13px; background-color: rgb(250, 250, 250);\">Zgłaszam się do was z następującym problemem.<br>Napisałem sobie prostą aplikację do uruchamiania wcześniej napisanych batów, i zatrzymałem się na tym jak w bacie jest wywoływana pauza (pause)<br>Próbowałem przekazywać znak nowej linii ale nic mi to nie dało.<br>Macie forumowicze jakiś pomysł jak wybrnąć z tego problemu.</p><p style=\"margin-right: 0px; margin-bottom: 9px; margin-left: 0px; color: rgb(51, 51, 51); font-family: Arial, Verdana, Helvetica, sans-serif; font-size: 13px; background-color: rgb(250, 250, 250);\">Do wywoływania korzystam z Process i ProcessBuilder</p><p style=\"margin-right: 0px; margin-bottom: 9px; margin-left: 0px; color: rgb(51, 51, 51); font-family: Arial, Verdana, Helvetica, sans-serif; font-size: 13px; background-color: rgb(250, 250, 250);\">Z góry dziękuję!</p>','2019-05-28 18:12:46',9,0,12,1,0);
INSERT INTO post (`id`,`author_id`,`post_content`,`post_created_date`,`topic_id`,`edited`,`vote_id`,`post_topic`,`likes`) VALUES (13,7,'<p style=\"margin-right: 0px; margin-bottom: 9px; margin-left: 0px; color: rgb(51, 51, 51); font-family: Arial, Verdana, Helvetica, sans-serif; font-size: 13px; background-color: rgb(250, 250, 250);\">W zadaniu mam utworzyć</p><blockquote style=\"padding: 9px 18px; margin-bottom: 18px; margin-left: 0px; font-size: 13px; border-left-width: 5px; border-left-color: rgb(238, 238, 238); color: rgb(119, 119, 119); font-family: Arial, Verdana, Helvetica, sans-serif; background-color: rgb(250, 250, 250);\"><p style=\"margin-right: 0px; margin-left: 0px;\">klasę Pracownik, dziedziczącą po klasie Osoba. Klasa ta posiada pola: firma, zawód oraz miesiecznePensje (tablica liczb rzeczywistych przechowująca przychody z każdego miesiąca). Zadbaj o hermetyzację klasy.<br>•Klasa powinna posiadać konstruktor bezparametrowy oraz konstruktor ustawiający wszystkie pola na podstawie swoich parametrów.<br>•Dodaj gettery oraz setery.<br>•Napisz metodę sredniaPensja, która zwraca w wyniku średnią pensję pracownika, obliczoną na podstawie danych w tablicy miesiecznePensje</p></blockquote><p style=\"margin-right: 0px; margin-bottom: 9px; margin-left: 0px; color: rgb(51, 51, 51); font-family: Arial, Verdana, Helvetica, sans-serif; font-size: 13px; background-color: rgb(250, 250, 250);\">I teraz pytanie do was, jak mam zrobić metodę średniaPensja?</p>','2019-05-28 18:13:00',10,0,13,1,-1);
INSERT INTO post (`id`,`author_id`,`post_content`,`post_created_date`,`topic_id`,`edited`,`vote_id`,`post_topic`,`likes`) VALUES (14,8,'<p style=\"margin-right: 0px; margin-bottom: 9px; margin-left: 0px; color: rgb(51, 51, 51); font-family: Arial, Verdana, Helvetica, sans-serif; font-size: 13px; background-color: rgb(250, 250, 250);\">Witam,</p><p style=\"margin-right: 0px; margin-bottom: 9px; margin-left: 0px; color: rgb(51, 51, 51); font-family: Arial, Verdana, Helvetica, sans-serif; font-size: 13px; background-color: rgb(250, 250, 250);\">Postanowiłem przesiąść się z javy 1.8 na jave 1.11 i już na starcie zaraz po wygenerowaniu projektu w Spring boocie pojawił się błąd. Podejrzewam że chodzi o moduły z Javy 1.9 tylko nie mam pojęcia w jaki sposób mogę doprowadzić je do porządku.</p><ul class=\"list-unstyled list-attachments\" style=\"margin: 15px 0px 5px 10px; padding-left: 24px; font-size: 11px; color: rgb(51, 51, 51); font-family: Arial, Verdana, Helvetica, sans-serif; background-color: rgb(250, 250, 250);\"><li><span class=\"fa fa-download\" style=\"display: inline-block; font-variant-numeric: normal; font-variant-east-asian: normal; font-stretch: normal; line-height: 1; font-family: FontAwesome; font-size: inherit; text-rendering: auto; -webkit-font-smoothing: antialiased;\"></span></li></ul>','2019-05-28 18:13:26',11,0,14,1,1);
INSERT INTO post (`id`,`author_id`,`post_content`,`post_created_date`,`topic_id`,`edited`,`vote_id`,`post_topic`,`likes`) VALUES (15,8,'<span style=\"color: rgb(51, 51, 51); font-family: Arial, Verdana, Helvetica, sans-serif; font-size: 13px; background-color: rgb(250, 250, 250);\">Cześć, mam za zadanie, aby zrobić grę labirynt. Udało mi się zrobić rysowanie planszy, ale nie potrafię zrobić takiego układu jak na screenie, a przyciski te potrzebne mi są do sterowania ludzikiem. W załączniku wrzucam screena docelowego wyglądu, tego co udało mi się zrobić i moje kody.</span><br style=\"color: rgb(51, 51, 51); font-family: Arial, Verdana, Helvetica, sans-serif; font-size: 13px; background-color: rgb(250, 250, 250);\"><span style=\"color: rgb(51, 51, 51); font-family: Arial, Verdana, Helvetica, sans-serif; font-size: 13px; background-color: rgb(250, 250, 250);\">Z góry dzięki za pomoc.</span>','2019-05-28 18:13:44',12,0,15,1,1);
INSERT INTO post (`id`,`author_id`,`post_content`,`post_created_date`,`topic_id`,`edited`,`vote_id`,`post_topic`,`likes`) VALUES (16,8,'<p style=\"margin-right: 0px; margin-bottom: 9px; margin-left: 0px; color: rgb(51, 51, 51); font-family: Arial, Verdana, Helvetica, sans-serif; font-size: 13px; background-color: rgb(250, 250, 250);\">Witam, mam taki kod, który przeprowadza 5mln losowań liczb od 1 do 49, potem zlicza ile razy wypadła dana liczba. Chciałbym znaleźć 6 liczb, które wypadały najczęściej. Można to zrobić za pomocą warunków ale to chyba będzie zbyt skomplikowane i długie. Czy istnieje jakiś inny sposób? Proszę o podpowiedź.</p><pre class=\" language-java line-numbers\" style=\"font-family: Consolas, Monaco, &quot;Andale Mono&quot;, &quot;Ubuntu Mono&quot;, monospace; font-size: 12px; padding: 1em 1em 1em 3.8em; margin-top: 0.5em; margin-bottom: 0.5em; line-height: 1.5; color: rgb(0, 0, 0); word-break: normal; overflow-wrap: normal; background: rgb(245, 242, 240); border: 1px solid rgb(204, 204, 204); border-radius: 3px; text-shadow: rgb(255, 255, 255) 0px 1px; tab-size: 4; hyphens: none; position: relative; counter-reset: linenumber 0;\"><code class=\" language-java\" style=\"font-family: Consolas, Monaco, &quot;Andale Mono&quot;, &quot;Ubuntu Mono&quot;, monospace; color: rgb(0, 0, 0); background: 0px 0px; padding: 0px; border-radius: 0px; white-space: inherit; text-shadow: rgb(255, 255, 255) 0px 1px; word-spacing: normal; overflow-wrap: normal; line-height: 1.5; tab-size: 4; hyphens: none; position: relative;\"><span class=\"token keyword\" style=\"color: rgb(0, 119, 170);\">package</span> cwiczenia<span class=\"token punctuation\" style=\"color: rgb(153, 153, 153);\">;</span>\n\n<span class=\"token keyword\" style=\"color: rgb(0, 119, 170);\">import</span> java<span class=\"token punctuation\" style=\"color: rgb(153, 153, 153);\">.</span>security<span class=\"token punctuation\" style=\"color: rgb(153, 153, 153);\">.</span>SecureRandom<span class=\"token punctuation\" style=\"color: rgb(153, 153, 153);\">;</span>\n\n<span class=\"token keyword\" style=\"color: rgb(0, 119, 170);\">public</span> <span class=\"token keyword\" style=\"color: rgb(0, 119, 170);\">class</span> <span class=\"token class-name\" style=\"color: rgb(221, 74, 104);\">Cwiczenia77</span> <span class=\"token punctuation\" style=\"color: rgb(153, 153, 153);\">{</span>\n\n    <span class=\"token keyword\" style=\"color: rgb(0, 119, 170);\">public</span> <span class=\"token keyword\" style=\"color: rgb(0, 119, 170);\">static</span> <span class=\"token keyword\" style=\"color: rgb(0, 119, 170);\">void</span> <span class=\"token function\" style=\"color: rgb(221, 74, 104);\">main</span><span class=\"token punctuation\" style=\"color: rgb(153, 153, 153);\">(</span>String<span class=\"token punctuation\" style=\"color: rgb(153, 153, 153);\">[</span><span class=\"token punctuation\" style=\"color: rgb(153, 153, 153);\">]</span> args<span class=\"token punctuation\" style=\"color: rgb(153, 153, 153);\">)</span> <span class=\"token punctuation\" style=\"color: rgb(153, 153, 153);\">{</span>\n\n        SecureRandom los <span class=\"token operator\" style=\"color: rgb(154, 110, 58); background: rgba(255, 255, 255, 0.5);\">=</span> <span class=\"token keyword\" style=\"color: rgb(0, 119, 170);\">new</span> <span class=\"token class-name\" style=\"color: rgb(221, 74, 104);\">SecureRandom</span><span class=\"token punctuation\" style=\"color: rgb(153, 153, 153);\">(</span><span class=\"token punctuation\" style=\"color: rgb(153, 153, 153);\">)</span><span class=\"token punctuation\" style=\"color: rgb(153, 153, 153);\">;</span>\n        <span class=\"token keyword\" style=\"color: rgb(0, 119, 170);\">int</span> <span class=\"token punctuation\" style=\"color: rgb(153, 153, 153);\">[</span><span class=\"token punctuation\" style=\"color: rgb(153, 153, 153);\">]</span> czestosc <span class=\"token operator\" style=\"color: rgb(154, 110, 58); background: rgba(255, 255, 255, 0.5);\">=</span> <span class=\"token keyword\" style=\"color: rgb(0, 119, 170);\">new</span> <span class=\"token class-name\" style=\"color: rgb(221, 74, 104);\">int</span> <span class=\"token punctuation\" style=\"color: rgb(153, 153, 153);\">[</span><span class=\"token number\" style=\"color: rgb(153, 0, 85);\">50</span><span class=\"token punctuation\" style=\"color: rgb(153, 153, 153);\">]</span><span class=\"token punctuation\" style=\"color: rgb(153, 153, 153);\">;</span>\n\n        <span class=\"token keyword\" style=\"color: rgb(0, 119, 170);\">for</span> <span class=\"token punctuation\" style=\"color: rgb(153, 153, 153);\">(</span><span class=\"token keyword\" style=\"color: rgb(0, 119, 170);\">int</span> losowanie <span class=\"token operator\" style=\"color: rgb(154, 110, 58); background: rgba(255, 255, 255, 0.5);\">=</span> <span class=\"token number\" style=\"color: rgb(153, 0, 85);\">1</span><span class=\"token punctuation\" style=\"color: rgb(153, 153, 153);\">;</span> losowanie <span class=\"token operator\" style=\"color: rgb(154, 110, 58); background: rgba(255, 255, 255, 0.5);\">&lt;=</span> <span class=\"token number\" style=\"color: rgb(153, 0, 85);\">5000000</span><span class=\"token punctuation\" style=\"color: rgb(153, 153, 153);\">;</span> losowanie<span class=\"token operator\" style=\"color: rgb(154, 110, 58); background: rgba(255, 255, 255, 0.5);\">++</span><span class=\"token punctuation\" style=\"color: rgb(153, 153, 153);\">)</span> <span class=\"token punctuation\" style=\"color: rgb(153, 153, 153);\">{</span>\n            <span class=\"token operator\" style=\"color: rgb(154, 110, 58); background: rgba(255, 255, 255, 0.5);\">++</span>czestosc <span class=\"token punctuation\" style=\"color: rgb(153, 153, 153);\">[</span><span class=\"token number\" style=\"color: rgb(153, 0, 85);\">1</span> <span class=\"token operator\" style=\"color: rgb(154, 110, 58); background: rgba(255, 255, 255, 0.5);\">+</span> los<span class=\"token punctuation\" style=\"color: rgb(153, 153, 153);\">.</span><span class=\"token function\" style=\"color: rgb(221, 74, 104);\">nextInt</span><span class=\"token punctuation\" style=\"color: rgb(153, 153, 153);\">(</span><span class=\"token number\" style=\"color: rgb(153, 0, 85);\">49</span><span class=\"token punctuation\" style=\"color: rgb(153, 153, 153);\">)</span><span class=\"token punctuation\" style=\"color: rgb(153, 153, 153);\">]</span><span class=\"token punctuation\" style=\"color: rgb(153, 153, 153);\">;</span>\n        <span class=\"token punctuation\" style=\"color: rgb(153, 153, 153);\">}</span>\n        System<span class=\"token punctuation\" style=\"color: rgb(153, 153, 153);\">.</span>out<span class=\"token punctuation\" style=\"color: rgb(153, 153, 153);\">.</span><span class=\"token function\" style=\"color: rgb(221, 74, 104);\">printf</span><span class=\"token punctuation\" style=\"color: rgb(153, 153, 153);\">(</span><span class=\"token string\" style=\"color: rgb(102, 153, 0);\">\"%s%15s%n\"</span><span class=\"token punctuation\" style=\"color: rgb(153, 153, 153);\">,</span> <span class=\"token string\" style=\"color: rgb(102, 153, 0);\">\"Liczba\"</span><span class=\"token punctuation\" style=\"color: rgb(153, 153, 153);\">,</span> <span class=\"token string\" style=\"color: rgb(102, 153, 0);\">\"Ilość razy\"</span><span class=\"token punctuation\" style=\"color: rgb(153, 153, 153);\">)</span><span class=\"token punctuation\" style=\"color: rgb(153, 153, 153);\">;</span>\n\n        <span class=\"token keyword\" style=\"color: rgb(0, 119, 170);\">for</span> <span class=\"token punctuation\" style=\"color: rgb(153, 153, 153);\">(</span><span class=\"token keyword\" style=\"color: rgb(0, 119, 170);\">int</span> licznik <span class=\"token operator\" style=\"color: rgb(154, 110, 58); background: rgba(255, 255, 255, 0.5);\">=</span> <span class=\"token number\" style=\"color: rgb(153, 0, 85);\">1</span><span class=\"token punctuation\" style=\"color: rgb(153, 153, 153);\">;</span> licznik <span class=\"token operator\" style=\"color: rgb(154, 110, 58); background: rgba(255, 255, 255, 0.5);\">&lt;=</span> <span class=\"token number\" style=\"color: rgb(153, 0, 85);\">49</span><span class=\"token punctuation\" style=\"color: rgb(153, 153, 153);\">;</span> licznik<span class=\"token operator\" style=\"color: rgb(154, 110, 58); background: rgba(255, 255, 255, 0.5);\">++</span><span class=\"token punctuation\" style=\"color: rgb(153, 153, 153);\">)</span> <span class=\"token punctuation\" style=\"color: rgb(153, 153, 153);\">{</span>\n            System<span class=\"token punctuation\" style=\"color: rgb(153, 153, 153);\">.</span>out<span class=\"token punctuation\" style=\"color: rgb(153, 153, 153);\">.</span><span class=\"token function\" style=\"color: rgb(221, 74, 104);\">printf</span><span class=\"token punctuation\" style=\"color: rgb(153, 153, 153);\">(</span><span class=\"token string\" style=\"color: rgb(102, 153, 0);\">\"%6d%15d%n\"</span><span class=\"token punctuation\" style=\"color: rgb(153, 153, 153);\">,</span> licznik<span class=\"token punctuation\" style=\"color: rgb(153, 153, 153);\">,</span> czestosc<span class=\"token punctuation\" style=\"color: rgb(153, 153, 153);\">[</span>licznik<span class=\"token punctuation\" style=\"color: rgb(153, 153, 153);\">]</span><span class=\"token punctuation\" style=\"color: rgb(153, 153, 153);\">)</span><span class=\"token punctuation\" style=\"color: rgb(153, 153, 153);\">;</span>\n        <span class=\"token punctuation\" style=\"color: rgb(153, 153, 153);\">}</span>\n    <span class=\"token punctuation\" style=\"color: rgb(153, 153, 153);\">}</span>\n\n<span class=\"token punctuation\" style=\"color: rgb(153, 153, 153);\">}</span></code></pre>','2019-05-28 18:13:56',13,0,16,1,1);
INSERT INTO post (`id`,`author_id`,`post_content`,`post_created_date`,`topic_id`,`edited`,`vote_id`,`post_topic`,`likes`) VALUES (17,8,'<p style=\"margin-right: 0px; margin-bottom: 9px; margin-left: 0px; color: rgb(51, 51, 51); font-family: Arial, Verdana, Helvetica, sans-serif; font-size: 13px; background-color: rgb(250, 250, 250);\">Witam, chciałam żeby klucz oraz jego wartość wypisywały mi się w polu tekstowym więc utworzyłam metodę:</p><pre class=\" language-java line-numbers\" style=\"font-family: Consolas, Monaco, &quot;Andale Mono&quot;, &quot;Ubuntu Mono&quot;, monospace; font-size: 12px; padding: 1em 1em 1em 3.8em; margin-top: 0.5em; margin-bottom: 0.5em; line-height: 1.5; color: rgb(0, 0, 0); word-break: normal; overflow-wrap: normal; background: rgb(245, 242, 240); border: 1px solid rgb(204, 204, 204); border-radius: 3px; text-shadow: rgb(255, 255, 255) 0px 1px; tab-size: 4; hyphens: none; position: relative; counter-reset: linenumber 0;\"><code class=\" language-java\" style=\"font-family: Consolas, Monaco, &quot;Andale Mono&quot;, &quot;Ubuntu Mono&quot;, monospace; color: rgb(0, 0, 0); background: 0px 0px; padding: 0px; border-radius: 0px; white-space: inherit; text-shadow: rgb(255, 255, 255) 0px 1px; word-spacing: normal; overflow-wrap: normal; line-height: 1.5; tab-size: 4; hyphens: none; position: relative;\">    <span class=\"token keyword\" style=\"color: rgb(0, 119, 170);\">public</span> String <span class=\"token function\" style=\"color: rgb(221, 74, 104);\">listaKsiazek</span><span class=\"token punctuation\" style=\"color: rgb(153, 153, 153);\">(</span><span class=\"token punctuation\" style=\"color: rgb(153, 153, 153);\">)</span><span class=\"token punctuation\" style=\"color: rgb(153, 153, 153);\">{</span>\n\n        <span class=\"token keyword\" style=\"color: rgb(0, 119, 170);\">if</span><span class=\"token punctuation\" style=\"color: rgb(153, 153, 153);\">(</span>ksiazki<span class=\"token punctuation\" style=\"color: rgb(153, 153, 153);\">.</span><span class=\"token function\" style=\"color: rgb(221, 74, 104);\">isEmpty</span><span class=\"token punctuation\" style=\"color: rgb(153, 153, 153);\">(</span><span class=\"token punctuation\" style=\"color: rgb(153, 153, 153);\">)</span><span class=\"token punctuation\" style=\"color: rgb(153, 153, 153);\">)</span><span class=\"token punctuation\" style=\"color: rgb(153, 153, 153);\">{</span>\n        <span class=\"token keyword\" style=\"color: rgb(0, 119, 170);\">return</span> lista <span class=\"token operator\" style=\"color: rgb(154, 110, 58); background: rgba(255, 255, 255, 0.5);\">=</span> <span class=\"token string\" style=\"color: rgb(102, 153, 0);\">\"Nie ma książek w bazie\"</span><span class=\"token punctuation\" style=\"color: rgb(153, 153, 153);\">;</span>\n        <span class=\"token punctuation\" style=\"color: rgb(153, 153, 153);\">}</span><span class=\"token keyword\" style=\"color: rgb(0, 119, 170);\">else</span> <span class=\"token punctuation\" style=\"color: rgb(153, 153, 153);\">{</span>\n       <span class=\"token keyword\" style=\"color: rgb(0, 119, 170);\">for</span> <span class=\"token punctuation\" style=\"color: rgb(153, 153, 153);\">(</span>Map<span class=\"token punctuation\" style=\"color: rgb(153, 153, 153);\">.</span>Entry<span class=\"token generics function\" style=\"color: rgb(221, 74, 104);\"><span class=\"token punctuation\" style=\"color: rgb(153, 153, 153);\">&lt;</span>String<span class=\"token punctuation\" style=\"color: rgb(153, 153, 153);\">,</span> Ksiazka<span class=\"token punctuation\" style=\"color: rgb(153, 153, 153);\">&gt;</span></span> ksiazkiEntry <span class=\"token operator\" style=\"color: rgb(154, 110, 58); background: rgba(255, 255, 255, 0.5);\">:</span> ksiazki<span class=\"token punctuation\" style=\"color: rgb(153, 153, 153);\">.</span><span class=\"token function\" style=\"color: rgb(221, 74, 104);\">entrySet</span><span class=\"token punctuation\" style=\"color: rgb(153, 153, 153);\">(</span><span class=\"token punctuation\" style=\"color: rgb(153, 153, 153);\">)</span><span class=\"token punctuation\" style=\"color: rgb(153, 153, 153);\">)</span> <span class=\"token punctuation\" style=\"color: rgb(153, 153, 153);\">{</span>\n            <span class=\"token keyword\" style=\"color: rgb(0, 119, 170);\">final</span> String IDksiazki <span class=\"token operator\" style=\"color: rgb(154, 110, 58); background: rgba(255, 255, 255, 0.5);\">=</span> ksiazkiEntry<span class=\"token punctuation\" style=\"color: rgb(153, 153, 153);\">.</span><span class=\"token function\" style=\"color: rgb(221, 74, 104);\">getKey</span><span class=\"token punctuation\" style=\"color: rgb(153, 153, 153);\">(</span><span class=\"token punctuation\" style=\"color: rgb(153, 153, 153);\">)</span><span class=\"token punctuation\" style=\"color: rgb(153, 153, 153);\">;</span>\n            <span class=\"token keyword\" style=\"color: rgb(0, 119, 170);\">final</span> Ksiazka ksiazka <span class=\"token operator\" style=\"color: rgb(154, 110, 58); background: rgba(255, 255, 255, 0.5);\">=</span> ksiazkiEntry<span class=\"token punctuation\" style=\"color: rgb(153, 153, 153);\">.</span><span class=\"token function\" style=\"color: rgb(221, 74, 104);\">getValue</span><span class=\"token punctuation\" style=\"color: rgb(153, 153, 153);\">(</span><span class=\"token punctuation\" style=\"color: rgb(153, 153, 153);\">)</span><span class=\"token punctuation\" style=\"color: rgb(153, 153, 153);\">;</span>\n            String ks <span class=\"token operator\" style=\"color: rgb(154, 110, 58); background: rgba(255, 255, 255, 0.5);\">=</span> ksiazka<span class=\"token punctuation\" style=\"color: rgb(153, 153, 153);\">.</span><span class=\"token function\" style=\"color: rgb(221, 74, 104);\">pobierzCalosc</span><span class=\"token punctuation\" style=\"color: rgb(153, 153, 153);\">(</span><span class=\"token punctuation\" style=\"color: rgb(153, 153, 153);\">)</span><span class=\"token punctuation\" style=\"color: rgb(153, 153, 153);\">;</span>\n            System<span class=\"token punctuation\" style=\"color: rgb(153, 153, 153);\">.</span>out<span class=\"token punctuation\" style=\"color: rgb(153, 153, 153);\">.</span><span class=\"token function\" style=\"color: rgb(221, 74, 104);\">println</span><span class=\"token punctuation\" style=\"color: rgb(153, 153, 153);\">(</span><span class=\"token string\" style=\"color: rgb(102, 153, 0);\">\"Key: \"</span> <span class=\"token operator\" style=\"color: rgb(154, 110, 58); background: rgba(255, 255, 255, 0.5);\">+</span> IDksiazki <span class=\"token operator\" style=\"color: rgb(154, 110, 58); background: rgba(255, 255, 255, 0.5);\">+</span> <span class=\"token string\" style=\"color: rgb(102, 153, 0);\">\", Value: \"</span> <span class=\"token operator\" style=\"color: rgb(154, 110, 58); background: rgba(255, 255, 255, 0.5);\">+</span> ksiazka<span class=\"token punctuation\" style=\"color: rgb(153, 153, 153);\">)</span><span class=\"token punctuation\" style=\"color: rgb(153, 153, 153);\">;</span>\n            lista <span class=\"token operator\" style=\"color: rgb(154, 110, 58); background: rgba(255, 255, 255, 0.5);\">=</span> ks <span class=\"token operator\" style=\"color: rgb(154, 110, 58); background: rgba(255, 255, 255, 0.5);\">+</span> <span class=\"token string\" style=\"color: rgb(102, 153, 0);\">\"\\n\"</span> <span class=\"token operator\" style=\"color: rgb(154, 110, 58); background: rgba(255, 255, 255, 0.5);\">+</span> lista<span class=\"token punctuation\" style=\"color: rgb(153, 153, 153);\">;</span>\n\n            System<span class=\"token punctuation\" style=\"color: rgb(153, 153, 153);\">.</span>out<span class=\"token punctuation\" style=\"color: rgb(153, 153, 153);\">.</span><span class=\"token function\" style=\"color: rgb(221, 74, 104);\">println</span><span class=\"token punctuation\" style=\"color: rgb(153, 153, 153);\">(</span>lista<span class=\"token punctuation\" style=\"color: rgb(153, 153, 153);\">)</span><span class=\"token punctuation\" style=\"color: rgb(153, 153, 153);\">;</span>        \n                <span class=\"token punctuation\" style=\"color: rgb(153, 153, 153);\">}</span><span class=\"token keyword\" style=\"color: rgb(0, 119, 170);\">return</span> lista<span class=\"token punctuation\" style=\"color: rgb(153, 153, 153);\">;</span>   \n        <span class=\"token punctuation\" style=\"color: rgb(153, 153, 153);\">}</span>\n<span class=\"token punctuation\" style=\"color: rgb(153, 153, 153);\">}</span><span aria-hidden=\"true\" class=\"line-numbers-rows\" style=\"position: absolute; pointer-events: none; top: 0px; left: -3.8em; width: 3em; letter-spacing: -1px; border-right: 1px solid rgb(153, 153, 153); user-select: none;\"><span style=\"pointer-events: none; display: block; counter-increment: linenumber 1;\"></span><span style=\"pointer-events: none; display: block; counter-increment: linenumber 1;\"></span><span style=\"pointer-events: none; display: block; counter-increment: linenumber 1;\"></span><span style=\"pointer-events: none; display: block; counter-increment: linenumber 1;\"></span><span style=\"pointer-events: none; display: block; counter-increment: linenumber 1;\"></span><span style=\"pointer-events: none; display: block; counter-increment: linenumber 1;\"></span><span style=\"pointer-events: none; display: block; counter-increment: linenumber 1;\"></span><span style=\"pointer-events: none; display: block; counter-increment: linenumber 1;\"></span><span style=\"pointer-events: none; display: block; counter-increment: linenumber 1;\"></span><span style=\"pointer-events: none; display: block; counter-increment: linenumber 1;\"></span><span style=\"pointer-events: none; display: block; counter-increment: linenumber 1;\"></span><span style=\"pointer-events: none; display: block; counter-increment: linenumber 1;\"></span><span style=\"pointer-events: none; display: block; counter-increment: linenumber 1;\"></span><span style=\"pointer-events: none; display: block; counter-increment: linenumber 1;\"></span><span style=\"pointer-events: none; display: block; counter-increment: linenumber 1;\"></span><span style=\"pointer-events: none; display: block; counter-increment: linenumber 1;\"></span></span></code></pre><p style=\"margin-right: 0px; margin-bottom: 9px; margin-left: 0px; color: rgb(51, 51, 51); font-family: Arial, Verdana, Helvetica, sans-serif; font-size: 13px; background-color: rgb(250, 250, 250);\">Wszystko działa i zwracane są obiekty z mapy, ale zawsze na końcu pojawia się null. Jak zrobić żeby pojawiały się tylko elementy z mapy bez tej wartości null?</p>','2019-05-28 18:14:11',14,0,17,1,1);
INSERT INTO post (`id`,`author_id`,`post_content`,`post_created_date`,`topic_id`,`edited`,`vote_id`,`post_topic`,`likes`) VALUES (18,8,'<span style=\"color: rgb(51, 51, 51); font-family: Arial, Verdana, Helvetica, sans-serif; font-size: 13px; background-color: rgb(250, 250, 250);\">Witajcie mam problem, ponieważ nie potrafię poradzić sobie z zadaniem w Javie. Czy ktoś mógłby mi pomóc i napisać program do załączonego polecenia? Bardzo dziękuję i pozdrawiam.</span><br style=\"color: rgb(51, 51, 51); font-family: Arial, Verdana, Helvetica, sans-serif; font-size: 13px; background-color: rgb(250, 250, 250);\"><span style=\"color: rgb(51, 51, 51); font-family: Arial, Verdana, Helvetica, sans-serif; font-size: 13px; background-color: rgb(250, 250, 250);\">Polecenie jest poniżej, a program działający w załączniku.</span><div><img src=\"https://4programmers.net/uploads/attachment/5c/5ce585d1e0313.png\" alt=\"screenshot-20190522192433.png\"><span style=\"color: rgb(51, 51, 51); font-family: Arial, Verdana, Helvetica, sans-serif; font-size: 13px; background-color: rgb(250, 250, 250);\"><br></span></div>','2019-05-28 18:14:31',15,0,18,1,1);
INSERT INTO post (`id`,`author_id`,`post_content`,`post_created_date`,`topic_id`,`edited`,`vote_id`,`post_topic`,`likes`) VALUES (19,6,'<p style=\"margin-right: 0px; margin-bottom: 9px; margin-left: 0px; color: rgb(51, 51, 51); font-family: Arial, Verdana, Helvetica, sans-serif; font-size: 13px; background-color: rgb(250, 250, 250);\">Siema mam problem , otóż mam zrobić listę elementów z 2 tablic np: tab1:{1,2,3,4,5,6,7} i tab2:{3,4,5,8}. mam zrobić to na liście i wypisać bez powtórzeń ile jest powtórzeń wszystkich elementów (1 - 1 , 2 - 1, 3 - 2, 4 -2 itd). Mam w zadaniu użyć takich funkcji jak :</p><blockquote style=\"padding: 9px 18px; margin-bottom: 18px; margin-left: 0px; font-size: 13px; border-left-width: 5px; border-left-color: rgb(238, 238, 238); color: rgb(119, 119, 119); font-family: Arial, Verdana, Helvetica, sans-serif; background-color: rgb(250, 250, 250);\"><p style=\"margin-right: 0px; margin-left: 0px;\">Lista &lt;integer&gt; nazwa = new ArrayList&lt;&gt;()<br>nazwa.add(element)<br>nazwa.contains(element)</p></blockquote><p style=\"margin-right: 0px; margin-bottom: 9px; margin-left: 0px; color: rgb(51, 51, 51); font-family: Arial, Verdana, Helvetica, sans-serif; font-size: 13px; background-color: rgb(250, 250, 250);\">póki co napisane mam taki kod do wstawiania listy:</p><pre class=\" language-java line-numbers\" style=\"font-family: Consolas, Monaco, &quot;Andale Mono&quot;, &quot;Ubuntu Mono&quot;, monospace; font-size: 12px; padding: 1em 1em 1em 3.8em; margin-top: 0.5em; margin-bottom: 0.5em; line-height: 1.5; color: rgb(0, 0, 0); word-break: normal; overflow-wrap: normal; background: rgb(245, 242, 240); border: 1px solid rgb(204, 204, 204); border-radius: 3px; text-shadow: rgb(255, 255, 255) 0px 1px; tab-size: 4; hyphens: none; position: relative; counter-reset: linenumber 0;\"><code class=\" language-java\" style=\"font-family: Consolas, Monaco, &quot;Andale Mono&quot;, &quot;Ubuntu Mono&quot;, monospace; color: rgb(0, 0, 0); background: 0px 0px; padding: 0px; border-radius: 0px; white-space: inherit; text-shadow: rgb(255, 255, 255) 0px 1px; word-spacing: normal; overflow-wrap: normal; line-height: 1.5; tab-size: 4; hyphens: none; position: relative;\"> <span class=\"token keyword\" style=\"color: rgb(0, 119, 170);\">public</span> <span class=\"token keyword\" style=\"color: rgb(0, 119, 170);\">void</span> <span class=\"token function\" style=\"color: rgb(221, 74, 104);\">zapis2</span><span class=\"token punctuation\" style=\"color: rgb(153, 153, 153);\">(</span>Tablica u<span class=\"token punctuation\" style=\"color: rgb(153, 153, 153);\">)</span><span class=\"token punctuation\" style=\"color: rgb(153, 153, 153);\">{</span>\n\n          ArrayList <span class=\"token generics function\" style=\"color: rgb(221, 74, 104);\"><span class=\"token punctuation\" style=\"color: rgb(153, 153, 153);\">&lt;</span>Integer<span class=\"token punctuation\" style=\"color: rgb(153, 153, 153);\">&gt;</span></span> nazwa <span class=\"token operator\" style=\"color: rgb(154, 110, 58); background: rgba(255, 255, 255, 0.5);\">=</span> <span class=\"token keyword\" style=\"color: rgb(0, 119, 170);\">new</span> <span class=\"token class-name\" style=\"color: rgb(221, 74, 104);\">ArrayList</span><span class=\"token operator\" style=\"color: rgb(154, 110, 58); background: rgba(255, 255, 255, 0.5);\">&lt;</span><span class=\"token operator\" style=\"color: rgb(154, 110, 58); background: rgba(255, 255, 255, 0.5);\">&gt;</span><span class=\"token punctuation\" style=\"color: rgb(153, 153, 153);\">(</span><span class=\"token punctuation\" style=\"color: rgb(153, 153, 153);\">)</span><span class=\"token punctuation\" style=\"color: rgb(153, 153, 153);\">;</span> \n\n          <span class=\"token keyword\" style=\"color: rgb(0, 119, 170);\">for</span><span class=\"token punctuation\" style=\"color: rgb(153, 153, 153);\">(</span><span class=\"token keyword\" style=\"color: rgb(0, 119, 170);\">int</span> i<span class=\"token operator\" style=\"color: rgb(154, 110, 58); background: rgba(255, 255, 255, 0.5);\">=</span><span class=\"token number\" style=\"color: rgb(153, 0, 85);\">0</span><span class=\"token punctuation\" style=\"color: rgb(153, 153, 153);\">;</span>i<span class=\"token operator\" style=\"color: rgb(154, 110, 58); background: rgba(255, 255, 255, 0.5);\">&lt;</span>m<span class=\"token punctuation\" style=\"color: rgb(153, 153, 153);\">;</span>i<span class=\"token operator\" style=\"color: rgb(154, 110, 58); background: rgba(255, 255, 255, 0.5);\">++</span><span class=\"token punctuation\" style=\"color: rgb(153, 153, 153);\">)</span>\n          <span class=\"token punctuation\" style=\"color: rgb(153, 153, 153);\">{</span>\n              nazwa<span class=\"token punctuation\" style=\"color: rgb(153, 153, 153);\">.</span><span class=\"token function\" style=\"color: rgb(221, 74, 104);\">add</span><span class=\"token punctuation\" style=\"color: rgb(153, 153, 153);\">(</span>tab<span class=\"token punctuation\" style=\"color: rgb(153, 153, 153);\">[</span>i<span class=\"token punctuation\" style=\"color: rgb(153, 153, 153);\">]</span><span class=\"token punctuation\" style=\"color: rgb(153, 153, 153);\">)</span><span class=\"token punctuation\" style=\"color: rgb(153, 153, 153);\">;</span>\n          <span class=\"token punctuation\" style=\"color: rgb(153, 153, 153);\">}</span>\n          <span class=\"token keyword\" style=\"color: rgb(0, 119, 170);\">for</span><span class=\"token punctuation\" style=\"color: rgb(153, 153, 153);\">(</span><span class=\"token keyword\" style=\"color: rgb(0, 119, 170);\">int</span> j<span class=\"token operator\" style=\"color: rgb(154, 110, 58); background: rgba(255, 255, 255, 0.5);\">=</span><span class=\"token number\" style=\"color: rgb(153, 0, 85);\">0</span><span class=\"token punctuation\" style=\"color: rgb(153, 153, 153);\">;</span>j<span class=\"token operator\" style=\"color: rgb(154, 110, 58); background: rgba(255, 255, 255, 0.5);\">&lt;</span>n<span class=\"token punctuation\" style=\"color: rgb(153, 153, 153);\">;</span>j<span class=\"token operator\" style=\"color: rgb(154, 110, 58); background: rgba(255, 255, 255, 0.5);\">++</span><span class=\"token punctuation\" style=\"color: rgb(153, 153, 153);\">)</span>\n          <span class=\"token punctuation\" style=\"color: rgb(153, 153, 153);\">{</span>\n              nazwa<span class=\"token punctuation\" style=\"color: rgb(153, 153, 153);\">.</span><span class=\"token function\" style=\"color: rgb(221, 74, 104);\">add</span><span class=\"token punctuation\" style=\"color: rgb(153, 153, 153);\">(</span>tab<span class=\"token punctuation\" style=\"color: rgb(153, 153, 153);\">[</span>j<span class=\"token punctuation\" style=\"color: rgb(153, 153, 153);\">]</span><span class=\"token punctuation\" style=\"color: rgb(153, 153, 153);\">)</span><span class=\"token punctuation\" style=\"color: rgb(153, 153, 153);\">;</span>\n          <span class=\"token punctuation\" style=\"color: rgb(153, 153, 153);\">}</span>\n\n          <span class=\"token keyword\" style=\"color: rgb(0, 119, 170);\">for</span><span class=\"token punctuation\" style=\"color: rgb(153, 153, 153);\">(</span><span class=\"token keyword\" style=\"color: rgb(0, 119, 170);\">int</span> i<span class=\"token operator\" style=\"color: rgb(154, 110, 58); background: rgba(255, 255, 255, 0.5);\">:</span>nazwa<span class=\"token punctuation\" style=\"color: rgb(153, 153, 153);\">)</span>\n          <span class=\"token punctuation\" style=\"color: rgb(153, 153, 153);\">{</span>\n              <span class=\"token keyword\" style=\"color: rgb(0, 119, 170);\">if</span><span class=\"token punctuation\" style=\"color: rgb(153, 153, 153);\">(</span>nazwa<span class=\"token punctuation\" style=\"color: rgb(153, 153, 153);\">.</span><span class=\"token function\" style=\"color: rgb(221, 74, 104);\">contains</span><span class=\"token punctuation\" style=\"color: rgb(153, 153, 153);\">(</span>i<span class=\"token punctuation\" style=\"color: rgb(153, 153, 153);\">)</span><span class=\"token punctuation\" style=\"color: rgb(153, 153, 153);\">)</span>\n\n          <span class=\"token punctuation\" style=\"color: rgb(153, 153, 153);\">}</span>\n<span aria-hidden=\"true\" class=\"line-numbers-rows\" style=\"position: absolute; pointer-events: none; top: 0px; left: -3.8em; width: 3em; letter-spacing: -1px; border-right: 1px solid rgb(153, 153, 153); user-select: none;\"><span style=\"pointer-events: none; display: block; counter-increment: linenumber 1;\"></span><span style=\"pointer-events: none; display: block; counter-increment: linenumber 1;\"></span><span style=\"pointer-events: none; display: block; counter-increment: linenumber 1;\"></span><span style=\"pointer-events: none; display: block; counter-increment: linenumber 1;\"></span><span style=\"pointer-events: none; display: block; counter-increment: linenumber 1;\"></span><span style=\"pointer-events: none; display: block; counter-increment: linenumber 1;\"></span><span style=\"pointer-events: none; display: block; counter-increment: linenumber 1;\"></span><span style=\"pointer-events: none; display: block; counter-increment: linenumber 1;\"></span><span style=\"pointer-events: none; display: block; counter-increment: linenumber 1;\"></span><span style=\"pointer-events: none; display: block; counter-increment: linenumber 1;\"></span><span style=\"pointer-events: none; display: block; counter-increment: linenumber 1;\"></span><span style=\"pointer-events: none; display: block; counter-increment: linenumber 1;\"></span><span style=\"pointer-events: none; display: block; counter-increment: linenumber 1;\"></span><span style=\"pointer-events: none; display: block; counter-increment: linenumber 1;\"></span><span style=\"pointer-events: none; display: block; counter-increment: linenumber 1;\"></span><span style=\"pointer-events: none; display: block; counter-increment: linenumber 1;\"></span><span style=\"pointer-events: none; display: block; counter-increment: linenumber 1;\"></span><span style=\"pointer-events: none; display: block; counter-increment: linenumber 1;\"></span></span></code></pre><p style=\"margin-right: 0px; margin-bottom: 9px; margin-left: 0px; color: rgb(51, 51, 51); font-family: Arial, Verdana, Helvetica, sans-serif; font-size: 13px; background-color: rgb(250, 250, 250);\">Proszę o pomoc :)</p>','2019-05-28 18:15:55',16,0,19,1,-1);
INSERT INTO post (`id`,`author_id`,`post_content`,`post_created_date`,`topic_id`,`edited`,`vote_id`,`post_topic`,`likes`) VALUES (20,6,'<span style=\"color: rgb(51, 51, 51); font-family: Arial, Verdana, Helvetica, sans-serif; font-size: 13px; background-color: rgb(250, 250, 250);\">Witam, mam pewien problem z JPA. Potrzebuję mieć pola które będą wymagane lub nie, w zależności od wartości innego pola. Z tego co udało mi się przejrzeć, to sprawy nie da się załatwić adnotacją. Czy jest jakiś inny sensowny pomysł jak to zrealizować?</span>','2019-05-28 18:16:10',17,0,20,1,2);
INSERT INTO post (`id`,`author_id`,`post_content`,`post_created_date`,`topic_id`,`edited`,`vote_id`,`post_topic`,`likes`) VALUES (21,6,'zgadzam sie w 100%','2019-05-28 18:16:20',4,0,21,0,-2);
INSERT INTO post (`id`,`author_id`,`post_content`,`post_created_date`,`topic_id`,`edited`,`vote_id`,`post_topic`,`likes`) VALUES (22,6,'Mysle ze to bezsensu','2019-05-28 18:16:59',3,0,22,0,1);
INSERT INTO post (`id`,`author_id`,`post_content`,`post_created_date`,`topic_id`,`edited`,`vote_id`,`post_topic`,`likes`) VALUES (23,6,'Pls help','2019-05-28 18:17:18',17,0,23,0,-1);
INSERT INTO post (`id`,`author_id`,`post_content`,`post_created_date`,`topic_id`,`edited`,`vote_id`,`post_topic`,`likes`) VALUES (24,6,'up','2019-05-28 18:17:39',16,0,24,0,0);
INSERT INTO post (`id`,`author_id`,`post_content`,`post_created_date`,`topic_id`,`edited`,`vote_id`,`post_topic`,`likes`) VALUES (25,3,'no ja tak samo','2019-05-28 18:18:00',4,0,25,0,0);
INSERT INTO post (`id`,`author_id`,`post_content`,`post_created_date`,`topic_id`,`edited`,`vote_id`,`post_topic`,`likes`) VALUES (26,3,'Proszę, opisz lepiej swój problem','2019-05-28 18:18:22',17,0,26,0,0);
INSERT INTO post (`id`,`author_id`,`post_content`,`post_created_date`,`topic_id`,`edited`,`vote_id`,`post_topic`,`likes`) VALUES (27,3,'tak nie wygrasz','2019-05-28 18:18:47',13,0,27,0,0);
INSERT INTO post (`id`,`author_id`,`post_content`,`post_created_date`,`topic_id`,`edited`,`vote_id`,`post_topic`,`likes`) VALUES (28,3,'znak nowej linii to po prostu zaczecia od kolejnej linii<div><br></div>','2019-05-28 18:19:18',9,0,28,0,1);
INSERT INTO post (`id`,`author_id`,`post_content`,`post_created_date`,`topic_id`,`edited`,`vote_id`,`post_topic`,`likes`) VALUES (29,5,'no fajna gierka','2019-05-28 18:19:43',12,0,29,0,-1);
INSERT INTO post (`id`,`author_id`,`post_content`,`post_created_date`,`topic_id`,`edited`,`vote_id`,`post_topic`,`likes`) VALUES (30,5,'sprobuj zrobic reinstalll','2019-05-28 18:20:25',11,0,30,0,0);
INSERT INTO post (`id`,`author_id`,`post_content`,`post_created_date`,`topic_id`,`edited`,`vote_id`,`post_topic`,`likes`) VALUES (31,5,'normalnie, to nie jest strona do zadan domowych','2019-05-28 18:20:42',10,0,31,0,-1);
INSERT INTO post (`id`,`author_id`,`post_content`,`post_created_date`,`topic_id`,`edited`,`vote_id`,`post_topic`,`likes`) VALUES (32,5,'lepiej formatuj kod','2019-05-28 18:21:01',8,0,32,0,0);
INSERT INTO post (`id`,`author_id`,`post_content`,`post_created_date`,`topic_id`,`edited`,`vote_id`,`post_topic`,`likes`) VALUES (33,7,'Dzięki! przyda się!','2019-05-28 18:21:31',2,0,33,0,0);
INSERT INTO post (`id`,`author_id`,`post_content`,`post_created_date`,`topic_id`,`edited`,`vote_id`,`post_topic`,`likes`) VALUES (34,7,'Kto w dzisiejszych czasach czyta ksiazki...','2019-05-28 18:21:54',1,0,34,0,0);
INSERT INTO post (`id`,`author_id`,`post_content`,`post_created_date`,`topic_id`,`edited`,`vote_id`,`post_topic`,`likes`) VALUES (35,7,'Mysle, ze musisz ten problem inaczej rozwiazac','2019-05-28 18:22:12',14,0,35,0,1);

INSERT INTO comment (`id`,`author_id`,`comment_content`,`created_date`,`post_id`) VALUES (1,6,'W czym moge pomoc?','2019-05-28',4);
INSERT INTO comment (`id`,`author_id`,`comment_content`,`created_date`,`post_id`) VALUES (2,6,'bezsensu czy bez sensu?','2019-05-28',3);
INSERT INTO comment (`id`,`author_id`,`comment_content`,`created_date`,`post_id`) VALUES (3,3,'nie pisz w taki
sposob, przeczytaj regulamin','2019-05-28',3);
INSERT INTO comment (`id`,`author_id`,`comment_content`,`created_date`,`post_id`) VALUES (4,3,'nie ma za co',
                                                                                          '2019-05-28',6);
INSERT INTO comment (`id`,`author_id`,`comment_content`,`created_date`,`post_id`) VALUES (5,7,'supeeeeer',
                                                                                          '2019-05-28',8);
